LMS - INT03,"October 07, 2017"
Alberta Energy Regulator
Liability Management Programs Results Report
Liability Run ID:,39177
Liability Run Date:,"October 07, 2017"
Disclaimer:
Please note that the information posted on this Web site is provided solely for the convenience of licensees. The Liability Management Rating (LMR) provided for licensees reflects the results of a comparison of their deemed assets to their deemed liabilities for all Liability Management programs.  This ratio is based on information reported to the AER and the calculation of deemed 
assets and deemed liabilities as specified in AER Directive:,006 Licensee Liability Rating (LLR) 
Program and Licence Transfer Process, Directive 024: Large Facility Liability Management Program (LFP) and Directive 075: Oilfield Waste Liability (OWL) Program.
"This information is provided without warranty of any kind, and while believed to be accurate, the AER, its agents, employees and contractors hereby disclaim any liability for losses or damages that may result or arise from the use of or reliance on the information provided on this site."
Liability Management Rating (LMR) 
Industry LMR Threshold:,1.00
Industry Average LMR:,"4.58"
Number of Licensees at or over Industry Threshold:,"424"
Number of Licensees below Industry Threshold:,"334"
Total Number of Licensees Evaluated:,"758"
Total Number of Licences/Approvals Evaluated:,"347,046"
Total Deemed Assets:,"$138,740,197,514.27"
Total Deemed Liabilities:,"$30,301,930,009.60"
Total Estimated Liabilities:,"$30,986,396,295.60"
Total LMR Security Held:,"$265,726,614.66"
Liability Management (LMR) Rating Summary 
LMR Range,Number of Licensees,Number of Licences/ Approvals,Total Deemed Assets,Total Deemed Liabilities,LMR Value
0.00,"235","1,465","$0.00","$91,282,886.27","0.00"
0.01 - 0.49,"34","2,717","$24,810,630.65","$239,894,139.00","0.10"
0.50 - 0.99,"65","4,925","$391,226,831.57","$514,049,425.91","0.76"
1.00 - 1.49,"125","28,548","$2,597,104,528.62","$2,079,634,182.20","1.25"
1.50 - 1.99,"55","41,505","$6,192,430,479.20","$3,552,775,908.97","1.74"
2.00 - 2.99,"80","107,418","$18,703,552,153.28","$8,077,248,441.13","2.32"
3.00 - 3.99,"46","108,760","$31,305,533,512.74","$9,560,496,464.78","3.27"
4.00 - 4.99,"27","9,701","$4,082,748,943.63","$932,800,208.12","4.38"
5.00 - 5.99,"14","4,076","$2,193,372,619.21","$410,795,541.15","5.34"
6.00 - 6.99,"19","4,306","$5,570,203,815.60","$861,364,920.19","6.47"
7.00 - 7.99,"9","1,947","$1,146,200,415.49","$151,756,750.00","7.55"
8.00 - 8.99,"3","559","$546,844,687.11","$64,103,837.00","8.53"
9.00 - 9.99,"7","7,467","$8,468,425,535.99","$902,048,669.23","9.39"
10.00 or >  ,"39","23,652","$57,517,743,361.18","$2,863,678,635.65","20.09"
Liability Management Rating (LMR) Results 
Licensee Name,Security On Hand,Security Adjusted LMR
"1170778 Alberta Ltd.  (A1ET)",*,"0.42"
"1195714 Alberta Ltd.  (A1R7)",,"18.28"
"1288131 Alberta Ltd.  (A57K)",,"3.47"
"1316751 Alberta Ltd.  (A2Y3)",,"0.00"
"1343358 Alberta Ltd.  (A2TB)",,"1.00"
"1354465 Alberta Ltd.  (A5G7)",*,"0.94"
"1367290 Alberta Ltd.  (A5F8)",,"1.00"
"1435008 Alberta Ltd.  (A7G3)",*,"1.00"
"1506928 Alberta Ltd.  (A5WK)",,"3.74"
"1509178 Alberta Ltd.  (A5XP)",*,"1.14"
"1822916 Alberta Ltd.  (A6X3)",,"2.30"
"1852797 Alberta ULC  (A73D)",*,"1.00"
"1885712 Alberta Ltd.  (A76B)",*,"1.00"
"1977715 Alberta Ltd.  (A7EF)",*,"1.00"
"258912 Alberta Ltd.  (0DG1)",*,"1.31"
"391138 Alberta Ltd.  (0PE6)",,"2.68"
"410577 Alberta Limited  (0NB3)",*,"1.00"
"439 Oil Corp.  (A098)",*,"1.00"
"538080 Alberta Corporation  (A07P)",*,"1.51"
"545279 Alberta Limited  (0PT6)",*,"1.03"
"611890 Alberta Inc.  (A5EF)",,"4.97"
"840586 Alberta Ltd.  (0D6B)",,"1.74"
"935821 Alberta Ltd.  (A2YM)",*,"1.04"
"97837 Resources Ltd.  (0W01)",*,"0.94"
"979968 Alberta Ltd.  (A6N9)",*,"2.33"
"ACCEL Energy Canada Limited  (A7GH)",,"2.57"
"Accurate Energy Solutions Ltd.  (A6NC)",*,"0.65"
"Adanac Oil & Gas Limited  (0FC1)",*,"1.24"
"ADM Agri-Industries Company  (A06P)",*,"1.00"
"Advance Drilling Ltd.  (0XG3)",,"1.00"
"Advantage Oil & Gas Ltd.  (0TD9)",,"25.95"
"Aeneid Exploration Inc.  (A79H)",,"4.75"
"Aeraden Energy Corp.  (A79A)",,"1.23"
"Agrium Inc.  (0GX2)",,"0.00"
"Alberta Petroleum Energy Limited  (0WZ4)",,"2.57"
"Alexander Oilfield Services Ltd.  (0MK6)",*,"1.12"
"Allstar Energy Limited  (0B1F)",*,"1.00"
"Altagas Holdings Inc.  (A0WA)",,"24.18"
"AltaGas Ltd.  (A0TK)",,"3.33"
"AltaGas Utilities Inc.  (0190)",*,"1.00"
"Altima Resources Ltd.  (A669)",,"4.81"
"Altura Energy Inc.  (A54P)",,"9.02"
"Amethyst Petroleums Ltd.  (0HF7)",*,"1.32"
"Andora Energy Corporation  (A14L)",*,"1.00"
"Andrich Resources Ltd.  (0P92)",,"2.68"
"Anegada Oil Corp.  (A789)",*,"2.56"
"Anhydride Oil Corporation  (0PY5)",*,"0.53"
"Annex Petroleum Inc.  (A1EJ)",,"0.00"
"Anterra Energy Inc.  (A2LN)",*,"0.61"
"AOC (ELE) Corp.  (A5PJ)",,"1.00"
"APL Oil & Gas (1998) Ltd.  (0XN6)",,"1.41"
"Aqua Terra Water Management Inc.  (0M7P)",*,"1.08"
"ARC Resources Ltd.  (0G30)",,"2.03"
"Area 2 Energy Ltd.  (A79G)",,"1.00"
"Arrandale Resources Ltd.  (0JC7)",*,"1.00"
"Arrow Point Oil & Gas Ltd.  (A5BL)",,"0.74"
"Artis Exploration Ltd.  (A77W)",,"9.85"
"Ascensun Oil And Gas Ltd.  (A6MY)",*,"1.04"
"Ashanti Gold Corp.  (A0WE)",*,"0.80"
"Aspenleaf Energy Limited  (A74X)",,"6.96"
"ATCO Energy Solutions Ltd.  (0Z2W)",*,"0.69"
"ATCO Gas And Pipelines Ltd.  (0144)",*,"1.81"
"Athabasca Oil Corporation  (A28L)",,"16.54"
"Avalon Energy Ltd.  (0KX6)",,"1.42"
"Axiom Oil and Gas Inc.  (A71K)",,"1.32"
"Baccalieu Energy Inc.  (A73C)",,"6.49"
"Baker Hughes Canada Company  (A5MN)",*,"1.00"
"Band Energy Resources Ltd.  (A07M)",,"3.18"
"Barcomp Petroleum Ltd.  (0LM7)",,"1.99"
"Barnwell of Canada, Limited  (0J66)",,"1.17"
"Bashaw Oil Corp.  (A6Y8)",*,"0.92"
"Bay Trail Resources Ltd.  (A5NZ)",,"5.06"
"Baytex Energy Ltd.  (0RL9)",,"3.37"
"BDJ Energy Inc.  (A611)",,"22.58"
"Bear Hills Industries Ltd.  (0MM5)",,"1.63"
"Bearspaw Petroleum Ltd.  (0NL1)",,"1.63"
"Beatton Energy Inc.  (A4XG)",*,"1.00"
"Beaver Lake Resources Corporation  (0RW4)",*,"1.16"
"Bek Holdings Ltd.  (A52W)",,"1.00"
"Bellatrix Exploration Ltd.  (A5E0)",,"10.50"
"Benjaka Exploration Inc.  (A1C3)",*,"0.94"
"Bering Exploration Company, ULC  (A2XA)",,"6.92"
"Bernum Petroleum Ltd.  (A5D6)",,"2.04"
"Berry Creek Resources Inc.  (0PH1)",*,"1.01"
"Big Lake Energy Ltd.  (A67Z)",*,"0.81"
"Birchcliff Energy Ltd.  (A12R)",,"11.74"
"Birchill Canada Corp.  (A6WF)",,"3.97"
"Birchwood Resources Inc.  (A5YL)",*,"1.00"
"Black Bear Management Corp.  (0LJ6)",,"1.00"
"Black Diamond Energy Corporation  (A0NE)",*,"1.00"
"Black Seal Resources Corp.  (A31H)",,"1.00"
"Blackbird Energy Inc.  (A698)",,"4.17"
"Blackhawk Resource Operating Corp.  (A5CT)",*,"1.20"
"Blackpearl Resources Inc.  (A5GE)",,"3.86"
"Blackshale Resources Inc.  (A6FP)",*,"1.00"
"Blackspur Oil Corp.  (A6F7)",,"3.90"
"Blaze Energy Ltd.  (0TX1)",*,"1.05"
"Blendforce Energy Services Inc.  (A2KX)",*,"1.07"
"Blue Springs Energy Ltd.  (0NT2)",,"1.58"
"Blue Star Energy Inc.  (A774)",*,"5.27"
"Bluestone Resources Inc.  (0WC3)",,"0.00"
"BLZ Energy Ltd.  (A30X)",,"0.81"
"Bonavista Energy Corporation  (A5RX)",,"4.13"
"Bonterra Energy Corp.  (0XZ4)",,"2.03"
"Border Petroleum Limited  (A562)",*,"0.60"
"Boulder Energy Ltd.  (A73X)",,"3.76"
"Bounty Developments Ltd.  (0HP8)",*,"1.17"
"Bow River Energy Ltd.  (A6N8)",,"1.28"
"BP Canada Energy Group ULC  (A62D)",*,"2.00"
"Brahma Resources Ltd.  (A31A)",,"1.01"
"Brand S Resources Ltd.  (0PM4)",*,"1.00"
"Bridgeoil Corporation  (A6AW)",*,"0.85"
"Broadview Energy Ltd.  (A5TA)",,"7.10"
"Bruce Developments Limited  (0EM5)",,"0.00"
"Bruderheim Energy Terminal Ltd.  (A76J)",*,"1.00"
"BRW Petroleum Corp.  (A6E9)",*,"2.75"
"Butte Energy Inc.  (A61Z)",,"1.55"
"C Group Energy Inc.  (A6YN)",,"2.17"
"Cadotte Disposal Services Ltd.  (A7K9)",*,"2.00"
"Caiterra International Energy Corporation  (A6AX)",*,"0.94"
"Cal-Ranch Resources Inc.  (0XG6)",*,"1.00"
"Caledonian Royalty Corporation  (A684)",,"1.39"
"Calgary Crude Oil Limited  (0J61)",*,"4.83"
"Calmark Resources Ltd.  (0NR4)",*,"1.08"
"Caltex Resources Ltd.  (A60R)",,"4.72"
"Canada Northwest Energy Limited  (0L99)",*,"1.20"
"Canadian Coastal Resources Ltd.  (0PD1)",,"1.00"
"Canadian Energy Services & Technology Corp.  (A7C1)",,"5.75"
"Canadian Imperial Venture Corp.  (A73J)",*,"1.00"
"Canadian International Oil Operating Corp.  (A5T7)",,"35.29"
"Canadian Natural Resources Limited  (0HE9)",,"3.04"
"Canadian Natural Upgrading Limited  (A7K5)",,"5.13"
"Canadian Oil & Gas International Inc.  (A6L2)",,"0.53"
"Canadian-Montana Pipe Line Corporation  (0958)",*,"1.00"
"Canamax Energy Ltd.  (A6LB)",,"4.24"
"Cancen Oil Processors Inc.  (A214)",*,"1.60"
"Canden Resources Ltd.  (0MH8)",*,"1.00"
"Cangild Resources Ltd.  (0P42)",*,"1.00"
"Cansearch Resources Ltd.  (0PW8)",,"2.71"
"Canstone Energy Ltd.  (A69G)",,"1.44"
"Canuck North Resources Ltd.  (A60G)",,"2.98"
"Canyon Oil & Gas Corporation  (0L3H)",,"1.68"
"Capital Oil Ltd.  (A60Z)",*,"0.54"
"Cardinal Energy Ltd.  (A6A7)",,"2.11"
"Carrick Petroleum Inc.  (A6AM)",,"9.54"
"Catapult Environmental Inc.  (A73Y)",*,"1.00"
"Cec North Star Energy Ltd.  (A6FB)",*,"1.61"
"Cedar Creek Energy Ltd.  (A7E1)",*,"1.22"
"Cenovus Energy Inc.  (A5D4)",,"2.29"
"Cenovus FCCL Ltd.  (A2EZ)",,"31.41"
"Cenovus TL ULC  (A629)",*,"1.00"
"Centennial Petroleum Company Ltd.  (0DL9)",,"2.54"
"Cequence Energy Ltd.  (A1ME)",,"6.05"
"Certus Oil And Gas Inc.  (A7J4)",,"1.20"
"Challenger Development Corp.  (0CX7)",,"1.77"
"Changhua Energy Canada Ltd.  (A63L)",,"3.02"
"Check Energy Ltd.  (A6M0)",*,"1.00"
"Chemnor Industries Ltd  (0BR8)",*,"1.03"
"Chevron Canada Limited  (0045)",*,"20.08"
"Chinook Energy Inc.  (A5LF)",*,"1.04"
"ChroMedX Corp.  (A2C1)",*,"2.89"
"Cinabar Enterprises Ltd.  (0W11)",,"0.00"
"City Of Medicine Hat  (0150)",,"1.05"
"Clampett Energy Ltd.  (A5J8)",*,"1.02"
"Clean Harbors Exploration Services, ULC  (0PH4)",,"0.00"
"Clean Harbors Industrial Services Canada, Inc.  (A619)",*,"1.67"
"Clearbrook Resources Inc.  (A5G9)",,"1.23"
"Clearview Resources Ltd.  (A5RA)",,"2.93"
"Cleo Energy Corp.  (A7BY)",,"1.26"
"CNOOC Canada Energy Ltd.  (A71M)",,"1.00"
"CNPC International (Canada) Ltd.  (0HZ2)",*,"1.00"
"Coalspur Mines (Operations) Ltd.  (A5M1)",,"1.00"
"Coastal Resources Limited  (0PR1)",,"1.01"
"Cold Creek Resources Ltd.  (A0AZ)",,"1.67"
"Cona Resources Ltd.  (A5K1)",*,"1.00"
"Concerto Resources Ltd.  (0LW8)",,"0.11"
"Condor Canada Petroleum Inc.  (A2E5)",*,"1.00"
"Connacher Oil And Gas Limited  (0A9H)",,"22.72"
"Connaught Oil & Gas Ltd.  (A5E2)",*,"1.00"
"ConocoPhillips Canada Operations ULC  (0XL9)",*,"0.99"
"ConocoPhillips Canada Resources Corp.  (A5G3)",,"15.85"
"Contour Energy Ltd.  (0GY1)",*,"0.86"
"Convega Energy Ltd.  (0E9R)",,"1.50"
"Coral Exploration Corporation  (0NF4)",*,"0.80"
"Corex Resources Ltd.  (A2WH)",*,"1.11"
"Corinthian Oil Corp.  (A732)",*,"0.95"
"Corse Energy Corp.  (A6NW)",,"2.87"
"Cortona Energy Ltd.  (A79L)",,"1.75"
"Corval Energy Ltd.  (A6D1)",,"3.77"
"Cote Resources Ltd.  (A6G5)",*,"0.86"
"Crazy Hill Resources Ltd.  (0PJ1)",*,"1.30"
"Crescent Point Energy Corp.  (A2J6)",,"2.45"
"Creswick Petroleum Ltd.  (0LP9)",*,"1.00"
"Crew Energy Inc.  (A0C6)",,"1.89"
"Crimson Oil & Gas Ltd.  (A6AG)",*,"0.62"
"Croverro Energy Ltd.  (A5PT)",,"0.77"
"CSV Midstream Solutions Corp.  (A6WG)",,"1.00"
"Cuda Energy Inc.  (A75T)",,"35.92"
"Cynthia Custom Oil Processing Ltd.  (A74R)",*,"1.00"
"Dantel Resources Ltd.  (0KG3)",*,"1.00"
"Dark Energy Ltd.  (0XF2)",,"1.48"
"Dark Warrior Resources Ltd.  (A6AP)",*,"3.77"
"DCP Oil Corp.  (A7DB)",,"30.79"
"Deckland Inc.  (A64K)",,"3.23"
"Deep Well Oil & Gas (alberta) Ltd.  (A577)",*,"1.00"
"DeerGarden Resources Ltd.  (A64N)",*,"1.71"
"Dejour Energy (alberta) Ltd.  (A2W4)",*,"1.32"
"Delphi Energy Corp.  (0CT7)",,"10.59"
"Deltastream Energy Corporation  (A6YA)",,"4.01"
"Derrick Petroleum Ltd.  (0PX3)",*,"1.44"
"Desoto Resources Limited  (0PH7)",*,"0.97"
"Deventa Energy Inc.  (A6JT)",*,"1.03"
"Devon Canada Corporation  (0K29)",*,"11.57"
"Devon NEC Corporation  (0BK8)",*,"1.07"
"DGS Oil & Gas Co. Inc.  (0NX3)",*,"1.00"
"Dire Resources Ltd.  (0A0E)",*,"2.50"
"Direct Energy Marketing Limited  (0RC3)",,"2.59"
"Dirham Oil (2000) Inc.  (A00C)",*,"2.68"
"Diversified Oil & Gas Ltd.  (0C5N)",*,"1.04"
"Doag Energy Ltd.  (A63X)",*,"1.00"
"Dolomite Energy Inc.  (A1CJ)",*,"0.49"
"Dragonfountain Ltd.  (A6Y1)",*,"1.00"
"Dragos Energy Corp.  (A7FL)",*,"1.63"
"Drakkar Energy Ltd.  (A2RJ)",,"2.96"
"Dynatech Petroleum Consultants Ltd.  (0MC7)",*,"3.02"
"E-T Energy Ltd.  (A1H6)",*,"0.96"
"Eagle Energy Inc.  (A794)",,"3.26"
"Eagle Hydrocarbons Ltd.  (0PB1)",*,"1.00"
"Eastcott Holdings Ltd.  (A1P7)",*,"1.00"
"Eclipse Resources Ltd.  (0YK8)",,"2.20"
"Eco-Industrial Business Park Inc.  (A519)",,"1.51"
"Edalis Energy Inc.  (A5F0)",,"1.22"
"Edson Anchors Ltd.  (A2NH)",*,"0.39"
"Elcano Exploration Inc.  (A78J)",*,"1.04"
"Elkhorn Petroleums Ltd.  (A72N)",*,"1.00"
"Elmdale Resources Ltd.  (0LN1)",*,"0.61"
"Ember Resources Inc.  (A1H9)",,"2.08"
"Emerald Lake Energy Ltd.  (A5YB)",,"10.51"
"Encana Corporation  (0026)",,"3.62"
"Ener T Corporation  (0HR9)",,"1.84"
"Enercapita Energy Ltd.  (A73W)",,"2.00"
"Energetic Logistics Services Inc.  (A73E)",*,"1.45"
"Energy Express Canada Corp.  (0LD3)",,"2.72"
"Enerplus Corporation  (A5RD)",,"3.62"
"Eng-Land Energy Ltd.  (0A1H)",*,"0.98"
"Enhance Energy Inc.  (A216)",,"1.33"
"Eni Canada Holding Ltd.  (A5FG)",*,"1.00"
"Entrada Resources Inc.  (A7DT)",,"1.72"
"Envolve Energy Services Corp.  (A6P8)",,"15.53"
"Essex Oil Corporation  (A74K)",,"2.14"
"Executive Adventures 2008 Inc.  (A6PA)",,"10.63"
"Expander Energy Inc.  (A7KE)",,"1.00"
"Exshaw Oil Corp.  (A2DM)",,"10.14"
"ExxonMobil Canada Energy  (0JT1)",*,"1.00"
"ExxonMobil Canada Ltd.  (0057)",,"1.24"
"ExxonMobil Canada Resources Company  (A0NG)",,"2.63"
"Far West Energy Corp.  (A6D0)",*,"0.48"
"Fenway Exploration Ltd.  (A70R)",,"0.00"
"Ferrybank Resources Ltd.  (0HH4)",*,"0.83"
"Ferus Inc.  (A1Y8)",,"4.96"
"Ferus Natural Gas Fuels Inc.  (A73H)",*,"1.00"
"Firefly Resources Ltd.  (0NB7)",*,"1.03"
"Firenze Energy Ltd.  (A1EZ)",,"2.02"
"Five O Oil & Gas Ltd.  (A598)",*,"0.64"
"Flow-Back Oil & Gas Ltd.  (0F9Y)",,"1.10"
"Forent Energy Ltd.  (0YE6)",,"1.25"
"Forge Oil & Gas Limited  (A76A)",,"5.22"
"Formula Powell Trucking 2006 Ltd.  (A73F)",*,"1.00"
"Fort Calgary Resources Ltd.  (A1JY)",,"1.30"
"Fortaleza Energy Inc.  (A2JL)",*,"1.00"
"Fortune Energy Inc.  (0DM6)",*,"1.22"
"Foxwood Resources Ltd.  (A7BC)",,"1.42"
"Frank O'Sullivan Petroleum Western Ltd.  (0EA3)",,"0.00"
"Free Rein Resources Ltd.  (0KA2)",*,"2.16"
"Freehold Royalties Ltd.  (A68A)",,"1.68"
"G. Herman Group Inc.  (A6DY)",,"0.78"
"G.N.E. Exploration Ltd.  (0JA3)",,"0.00"
"Gain Energy Ltd.  (A7ME)",,"2.67"
"Gamet Resources Ltd.  (A309)",,"1.21"
"Gear Energy Ltd.  (A2JR)",,"2.04"
"Gentra One Resources Inc.  (0EG2)",*,"2.00"
"Geo. B. Ross Holdings Ltd.  (A05H)",*,"1.00"
"Georox Resources Inc.  (A5BH)",,"3.41"
"GEX Resources Ltd.  (0BE8)",*,"1.43"
"GFL Environmental Inc.  (A78P)",*,"1.00"
"Ghost River Resources Inc.  (A7L3)",,"2.02"
"Gibson Energy ULC  (0195)",*,"1.42"
"GL Petroleum Corporation  (A70K)",*,"1.00"
"Glen Isle Exploration Ltd.  (0AA1)",*,"1.00"
"Glencoe Resources Ltd.  (0NM3)",,"1.12"
"Glenogle Energy Inc.  (A52E)",,"3.60"
"Golden Spike Energy Inc.  (A0M1)",,"1.03"
"Goldenkey Oil Inc.  (A2K7)",,"3.47"
"Grand Rapids Petroleum Ltd.  (0XJ5)",*,"1.97"
"Grandview Exploration Inc.  (A2CC)",,"6.29"
"Granite Oil Corp.  (A2PJ)",,"8.64"
"Graybeard Energy Ltd.  (A1W3)",*,"1.00"
"Greenview 16, M.D. Of  (A6CE)",*,"1.00"
"Grizzly Discoveries Inc.  (A4XF)",*,"1.00"
"Grizzly Holdings Inc.  (0NJ3)",*,"0.69"
"Grizzly Oil Sands ULC  (A29X)",,"0.00"
"Grizzly Resources Ltd.  (A0TX)",,"7.50"
"Gryphon Petroleum Corp.  (A1BB)",,"2.44"
"Gulf Canada Limited  (0002)",,"1.00"
"Gunnarr Resources Inc.  (A5FY)",*,"2.51"
"Hadeed Resources Inc.  (A7G6)",,"2.73"
"Halliburton Partners Canada ULC  (A77Y)",*,"1.02"
"Halo Exploration Ltd.  (A6GH)",*,"1.00"
"Hanna Oil & Gas Company - Canada ULC  (A2BX)",,"1.13"
"Hard Rock Resources Ltd.  (0ZK3)",,"1.23"
"Hardisty Caverns Ltd.  (A04H)",*,"1.12"
"Harlech Exploration Ltd.  (0AR5)",*,"1.00"
"Harvard International Resources Ltd.  (0AF4)",,"1.84"
"Harvest Operations Corp.  (0Z0H)",,"1.98"
"HBC Energy Ltd.  (A77B)",,"1.73"
"Hell's Half-Acre Petroleum Corporation  (A5ER)",,"3.47"
"Hemisphere Energy Corporation  (A5E4)",,"5.07"
"HESC Energy Corporation  (A6R6)",,"3.14"
"Hewitt Oil (Alberta) Ltd.  (0E30)",*,"1.00"
"High Ground Energy Inc.  (A76H)",,"3.12"
"Highvale Operating Corp.  (A69T)",,"1.07"
"Hillcrest Investments Ltd.  (0A0Z)",*,"0.52"
"Hillsdale Drilling Ltd.  (0KF1)",*,"1.31"
"Hitic Energy Ltd.  (A697)",,"11.69"
"Horseshoe Bay Resources Limited  (A1FR)",,"1.17"
"Houston Oil & Gas Ltd.  (A74H)",,"1.06"
"Hua Wei Oil & Gas Ltd.  (A5H8)",*,"1.00"
"Huntington Exploration Inc.  (A1HW)",*,"1.00"
"Huron Resources Corp.  (A6YG)",,"6.83"
"Husky Oil Operations Limited  (0R46)",*,"3.74"
"Hutton Energy Ltd.  (A6H2)",*,"0.42"
"Hydrate Resources Corp.  (A7BX)",,"4.32"
"Iberdrola Canada Energy Services Ltd.  (0C6G)",,"6.52"
"Ikkuma Resources Corp.  (A5C4)",,"4.56"
"Imaginea Energy Corp.  (A6Y2)",,"1.69"
"Imperial Oil Resources Limited  (0007)",,"9.47"
"Inception Exploration Ltd.  (A600)",,"3.24"
"Incipient Exploration Ltd.  (A6MB)",,"1.33"
"Indra Oil & Gas Ltd.  (0LJ4)",,"0.69"
"Innes Oilfield Services Ltd.  (A725)",*,"1.99"
"InPlay Oil Corp.  (A6JK)",,"2.09"
"Insch Commodity Ltd.  (A771)",,"0.90"
"Insignia Energy Ltd.  (A1FX)",,"2.60"
"Inter Pipeline Ltd.  (A6LA)",,"134.47"
"International Frontier Resources Corporation  (A0P6)",*,"1.00"
"Ironhorse Oil & Gas Inc.  (A0B8)",*,"1.00"
"Ish Energy Ltd.  (0LN5)",,"1.05"
"Japan Canada Oil Sands Limited  (0NY5)",*,"1.47"
"Jast Energy Ltd.  (A6LD)",,"1.57"
"Jaya Petroleum Ltd.  (0KR5)",*,"1.00"
"Jaycor Resources Inc.  (0HC4)",*,"3.04"
"Jayhawk Resources Ltd.  (A276)",,"3.25"
"JBS Food Canada ULC  (A6PZ)",,"1.00"
"John Lake Disposal Ltd.  (A2YA)",*,"1.00"
"Joli Fou Petroleums Ltd  (0AY2)",*,"1.08"
"Jordan Energy Inc.  (A1WH)",*,"0.80"
"Joslyn Energy Development Incorporated  (A29C)",,"1.00"
"Journey Energy Inc.  (A2PH)",,"2.40"
"JRJ Energy Ltd.  (A5RH)",,"1.12"
"Jupiter Resources Inc.  (A6X1)",,"12.90"
"Just Freehold Energy Corp.  (A2N1)",,"1.27"
"K+S Windsor Salt Ltd./K+S Sel Windsor Ltee  (A6TK)",*,"0.99"
"Kairos Resources (2011) Ltd.  (A5TJ)",,"1.21"
"Kaisen Energy Corp.  (A7H0)",,"3.11"
"Kaiser Exploration Ltd.  (A1RN)",*,"1.00"
"Kam's Sand Coating Ltd.  (0LC7)",*,"3.12"
"Kanata Energy Group Ltd.  (A730)",,"1.27"
"Karve Energy Inc.  (A7BT)",,"2.01"
"Kasten Energy Inc.  (A5GJ)",,"1.38"
"Keek Inc.  (A1RM)",*,"1.41"
"Keles Production Company Ltd.  (0R36)",*,"1.00"
"Kelt Exploration Ltd.  (A6D7)",,"4.86"
"Kerr-Mcgee Of Canada Northwest Ltd.  (A1HX)",*,"1.64"
"Keyera Energy Ltd.  (A0C0)",,"3.91"
"KinMerc Oil & Gas Inc.  (A2PZ)",,"1.08"
"Knol Resources Corp.  (A13Z)",*,"1.00"
"Knowledge Energy Inc.  (A2FG)",,"9.74"
"Koch Oil Sands Operating ULC  (A2N2)",*,"1.00"
"Komstar Resources Ltd.  (A7LZ)",*,"1.97"
"Kor Energy Inc.  (A0CB)",*,"0.27"
"Lance Exploration Corp.  (A78R)",,"3.15"
"Land Petroleum International Inc.  (0MM6)",*,"1.00"
"Laricina Energy Ltd.  (A1TY)",*,"1.00"
"Leddy Exploration Limited  (0359)",*,"1.97"
"Leucrotta Exploration Inc.  (A6XJ)",*,"1.00"
"Lexin Resources Ltd.  (0CW8)",,"0.01"
"LGX Oil + Gas Inc.  (A6D5)",*,"0.34"
"Little Rock Resources Ltd.  (A7C6)",,"1.21"
"Lochfayne Resources Ltd.  (0BM3)",*,"1.00"
"Lockhart Energy Ltd.  (A2J8)",*,"1.00"
"Lockwood Resources Ltd.  (0R64)",,"0.00"
"Logic Energy Ltd.  (A67B)",,"1.27"
"Long Lake Energy Ltd.  (A5MR)",,"1.88"
"Long Run Exploration Ltd.  (A517)",,"1.56"
"Long Term Asset Management Inc.  (A6JF)",,"1.96"
"Longshore Resources Ltd.  (A76W)",,"2.17"
"Luxur Resources Inc.  (A0NH)",*,"1.19"
"Lynx Energy ULC  (A7AG)",,"2.59"
"Madalena Energy Inc.  (A2K6)",,"1.00"
"Maguire Resources Ltd.  (0EK3)",*,"1.00"
"Malak Energy Inc.  (A5EA)",*,"1.77"
"Mancal Energy Inc.  (0YT7)",,"5.81"
"Manitok Energy Inc.  (A5M4)",,"2.71"
"Marathon Oil Canada Corporation  (A6EN)",,"1.00"
"Marksmen Energy Inc.  (A1RT)",*,"0.03"
"Marlboro Energy Ltd.  (A7BZ)",,"1.38"
"Marquee Energy Ltd.  (A5EB)",,"1.38"
"Mato Inc.  (0ZR6)",,"1.66"
"Maverick Resources Ltd.  (A0BY)",*,"1.00"
"Maverick Strategic Growth Fund (India) Ltd.  (A6CX)",*,"1.00"
"McLand Resources Ltd.  (A6TW)",,"2.36"
"Medicine River Oil Recyclers Ltd.  (0GZ6)",*,"1.45"
"MEG Energy Corp.  (0Z9C)",,"23.79"
"Meritage Midstream ULC  (A78K)",*,"1.00"
"Methanex Corporation  (0L62)",*,"1.00"
"Michigan Wisconsin Pipe Line Company  (0J67)",,"0.00"
"Mika Resources Ltd  (0M82)",*,"0.91"
"Mistahiya Resources Ltd.  (0JY1)",,"0.00"
"MMCII Energy ULC  (A2R0)",,"1.00"
"Modern Resources Inc.  (A6M8)",,"13.89"
"Montana Exploration Corp.  (0A8C)",,"5.92"
"Mooncor Energy Inc.  (A2BW)",*,"1.19"
"Morumbi Capital Inc.  (A5C3)",*,"1.00"
"Mount Bastion Oil & Gas Corp.  (A79R)",,"2.54"
"Mount Dakota Energy Corp.  (A1D0)",*,"0.36"
"Muddy Petroleum Company Ltd.  (0Z1K)",*,"1.72"
"Murphy Oil Company Ltd.  (0063)",,"6.83"
"Mutiny Oil & Gas Ltd.  (0D64)",,"0.42"
"N-Solv Corporation  (A78Y)",,"1.00"
"N7 Energy Ltd.  (A73N)",,"1.16"
"Nakoda Oil and Gas Inc.  (A6TX)",,"1.07"
"NAL Resources Limited  (0TM9)",,"1.79"
"NEP Canada ULC  (A637)",,"6.02"
"New North Resources Ltd.  (0CZ4)",,"1.47"
"New Star Energy Ltd.  (A68R)",,"2.84"
"Newalta Corporation  (0DP2)",*,"2.16"
"Newpark Canada Inc.  (A71Y)",,"4.41"
"Nexen Energy ULC  (A6LC)",,"6.44"
"Nine Ring Energy Development Inc.  (A767)",,"1.00"
"Nomad Exploration Ltd.  (A6F3)",*,"2.16"
"Nor-Alta Energy Corporation  (0BD9)",*,"1.00"
"North 40 Resources Ltd.  (A7E2)",,"1.00"
"North West Redwater Holdings Corp.  (A6KE)",*,"0.82"
"Northern Alberta Oil Ltd.  (A176)",*,"1.00"
"Northern Hunter Energy Inc.  (A2CY)",*,"0.39"
"Northern Utilities (sask.) Ltd.  (0182)",,"2.42"
"Northpine Energy Ltd.  (A1HL)",*,"0.04"
"Norwegian Petroleum Inc.  (A56D)",,"0.95"
"Notine Holdings Inc.  (A778)",,"1.33"
"Nottingham Midstream Limited  (A6RN)",*,"1.00"
"Novagas Canada Ltd.  (0TA4)",*,"1.00"
"Novus Energy Inc.  (A1RY)",,"1.27"
"NuVista Energy Ltd.  (A0A7)",,"4.98"
"NVP Exploration Inc.  (A6NT)",,"3.50"
"Nyrstar Myra Falls Ltd.  (A6EH)",*,"1.00"
"Oak Point Energy Ltd.  (A5X6)",,"1.00"
"Obsidian Energy Ltd.  (0BP8)",,"1.57"
"Oculus Transport Ltd.  (A77M)",*,"1.00"
"Odin Capital Inc.  (0X0X)",*,"1.00"
"Ohana Resources Inc.  (A6N5)",,"1.11"
"Oil Reserve Inc.  (A625)",*,"1.00"
"Omimex Canada, Ltd.  (0P83)",*,"1.02"
"Optimal Resources Inc.  (A5Y7)",*,"1.00"
"Optimus Energy Limited  (0D84)",,"1.58"
"ORLEN Upstream Canada Ltd.  (A2DE)",,"6.43"
"OSUM Oil Sands Corp.  (A2FJ)",*,"1.09"
"Osum Production Corp.  (A6WN)",,"33.04"
"Ouro Preto Resources Inc.  (A5HR)",*,"1.02"
"Outlier Resources Ltd.  (A72X)",,"2.07"
"Owl River Resources Ltd.  (0HM5)",,"1.83"
"PAINTED PONY ENERGY LTD.  (A53T)",*,"3.68"
"Palmer Ranch (1984) Ltd.  (0EW6)",*,"1.00"
"Pamoco Resources Ltd.  (A5WC)",*,"1.00"
"Panam Energy Services Ltd.  (A6CM)",,"2.46"
"Paramount Resources (ACL) Ltd.  (0JL8)",,"1.83"
"Paramount Resources Ltd.  (0AW4)",,"5.91"
"Pavilion Energy Corp.  (A22M)",*,"1.37"
"Pearson Resources Ltd.  (0AN4)",*,"1.00"
"Pele Energy Inc.  (A71L)",*,"1.14"
"Pembina Gas Services Ltd.  (A5A3)",,"1.15"
"Pembina Marketing Ltd.  (A59Y)",*,"1.05"
"Pembina NGL Corporation  (A68Y)",,"6.19"
"Pengrowth Energy Corporation  (A5R5)",,"2.64"
"Pennine Petroleum Corporation  (A06M)",,"1.13"
"Perpetual Energy Inc.  (A5KH)",,"3.15"
"Perpetual Operating Corp.  (A1WD)",,"3.86"
"Persta Resources Inc.  (A2D9)",,"50.84"
"Petenco Resources Ltd.  (0DH9)",*,"1.05"
"Petro Buyers Inc.  (A04D)",,"1.11"
"Petrocapita GP I Ltd.  (A5K8)",*,"1.00"
"Petrocapita GP II Ltd.  (A7FR)",*,"1.43"
"Petrochina Canada Ltd.  (A5LH)",*,"1.73"
"PetroFrontier Corp.  (A7D1)",,"12.45"
"Petroleo Resources Inc.  (A62R)",*,"1.05"
"Petromin Resources Ltd.  (0YZ6)",,"0.00"
"Petrus Resources Corp.  (A632)",,"4.36"
"Peyto Exploration & Development Corp.  (0YA2)",,"11.63"
"Pine Cliff Energy Ltd.  (A1GR)",,"1.44"
"Pipestone Oil Corp.  (A7H5)",,"15.53"
"Pismo Energy Ltd.  (A7BP)",,"1.82"
"Plains Midstream Canada ULC  (A31G)",*,"9.07"
"Pocahontas Petroleum Ltd.  (0NK3)",*,"1.00"
"Pocamc Enterprises Ltd.  (0BN7)",,"0.00"
"Point Bar Resources Inc.  (A7D0)",,"1.84"
"Point Loma Resources Ltd.  (A662)",,"0.87"
"Polar Star Canadian Oil And Gas, Inc.  (A59R)",*,"1.32"
"Postnikoff Oilfield Services Inc.  (A54J)",*,"1.00"
"Potts Petroleum Inc.  (0C9J)",,"2.16"
"Prairie Provident Resources Canada Ltd.  (0T82)",,"1.98"
"Prairie Storm Energy Corp.  (A7DF)",,"2.42"
"Precision Drilling Corporation  (0Y52)",*,"1.04"
"Precision Energy Services ULC  (A18N)",,"1.00"
"Predator Oil BC Ltd.  (A7J6)",*,"1.01"
"Predator Oil Ltd.  (A6CG)",,"1.54"
"Primrose Drilling Ventures Ltd.  (0FL9)",*,"0.98"
"Pritam Oil & Gas Ltd.  (A1FN)",*,"1.00"
"Pro-Pipe Service & Sales Ltd.  (A709)",*,"14.90"
"Procyon Energy Corp.  (A1NL)",*,"0.89"
"Progress Energy Canada Ltd.  (A0YZ)",,"3.14"
"Prospect Oil & Gas Management Ltd.  (0MM8)",,"1.04"
"Prosper Petroleum Ltd.  (A2R4)",*,"1.97"
"PTTEP Canada Limited  (A6H8)",*,"1.10"
"Pure Environmental Waste Management Ltd.  (A7LH)",,"1.00"
"Pure Oil & Gas Co Ltd  (0T23)",*,"1.72"
"Pursuit Energy Inc.  (A0G7)",*,"1.82"
"Q'Max Solutions Inc.  (A728)",*,"1.00"
"Quattro Exploration and Production Ltd.  (A5CF)",,"0.78"
"Questerre Energy Corporation  (0L3Z)",,"6.60"
"Questfire Energy Corp.  (A5TC)",,"1.24"
"Raging River Exploration Inc.  (A6TJ)",,"7.82"
"Raimount Energy Corp.  (A7LW)",,"0.70"
"Rally Canada Resources Ltd.  (A6EF)",,"1.04"
"Ramier Resources Ltd.  (0W91)",,"2.54"
"Rampart Oil Inc.  (A5MC)",,"21.01"
"Ranchwest Energy Ltd.  (A0WL)",*,"0.95"
"Range 3 Inc.  (A6E3)",,"0.95"
"Razor Energy Corp.  (A7DE)",*,"1.36"
"Reber Exploration Ltd.  (0ME3)",*,"1.08"
"Reconn Resources Ltd.  (0ZG8)",*,"1.04"
"Recover Energy Services Inc.  (A78G)",*,"1.00"
"Regco Petroleums Ltd.  (0FE8)",*,"0.88"
"Regent Resources Ltd.  (0NC3)",,"0.13"
"Regnum Energy Ltd.  (A7JT)",,"2.22"
"Relentless Resources Ltd.  (A21Z)",,"2.91"
"Remedx Remediation Services Inc.  (0XW8)",*,"1.09"
"Renergy Petroleum (Canada) Co., Ltd.  (A6MG)",*,"1.00"
"Repsol Oil & Gas Canada Inc.  (0039)",,"3.25"
"Reserve Royalty GP #2 Ltd.  (A6Y0)",,"1.39"
"Resourceful Petroleum Canada Limited  (A6GN)",,"6.02"
"Response Energy Corporation  (0PG9)",,"2.58"
"Revel Resources Inc.  (A6RL)",*,"1.00"
"Revive Energy Corp  (0A7H)",,"1.35"
"Ribbon Creek Resources Inc.  (0Z3G)",,"1.90"
"Richards Oil & Gas Limited  (A1B5)",,"0.58"
"Ridal Resource Ltd.  (0TP8)",*,"1.18"
"Ridgeback Resources Inc.  (A7G2)",,"3.28"
"Ridgeway Petroleum Corp.  (0PK4)",*,"0.80"
"Rife Resources Ltd.  (0DZ7)",,"2.43"
"Rifle Shot Oil Corp.  (A71X)",,"3.59"
"Rimfire Energy Inc.  (A5NW)",,"7.75"
"Rising Star Resources Ltd.  (A7CZ)",,"1.28"
"Rivera Resources Ltd.  (A5J6)",*,"1.02"
"RJ Oil Inc.  (A723)",*,"1.00"
"RKSmith Energy Corp.  (A6TE)",,"1.08"
"RMP Energy Inc.  (A1CL)",,"5.16"
"Rock Star Resources Ltd.  (0RN8)",*,"1.00"
"Rockbridge Energy Alberta Inc.  (A544)",*,"0.37"
"Rockeast Energy Corp.  (A6M1)",,"9.93"
"Rockpoint Gas Storage Canada Ltd.  (A26Z)",,"11.87"
"Rockwood Resources Ltd.  (0HN5)",*,"0.03"
"Rocky Layman Energy Inc.  (0YE4)",*,"3.61"
"Rocky River Petroleum Ltd.  (A213)",*,"1.00"
"Rolling Hills Energy Ltd.  (A6W2)",,"3.83"
"RON Resources Ltd.  (A5AD)",,"1.76"
"Roswell Petroleum Corporation  (A61W)",*,"2.55"
"Rustum Petroleums (1993) Limited  (0PW3)",*,"1.00"
"Rustum Petroleums Limited  (0EK5)",,"6.47"
"Sabre Energy Ltd.  (0HZ8)",,"6.49"
"Saddlebrook Industrial Park Ltd.  (0GG3)",*,"1.00"
"Sage Oil & Gas Inc.  (0K3F)",*,"1.00"
"Sahara Energy Ltd.  (A1R3)",*,"1.28"
"Samoth Oilfield Inc.  (A56R)",*,"1.00"
"Sandpoint Resources Inc.  (0C4R)",,"2.45"
"Sanford Petroleum Ltd.  (0NA9)",,"5.91"
"SanLing Energy Ltd.  (A7AZ)",,"1.27"
"Sansum Energy Inc.  (A7KN)",*,"2.00"
"Scavenger Energy Gp Inc.  (A1R8)",*,"0.36"
"SCCC Petroleum Corporation  (A70J)",*,"1.00"
"Schlumberger Canada Limited  (0M07)",*,"1.48"
"Scollard Energy Ltd.  (A78E)",,"1.28"
"Scotia Oils Limited  (0DK9)",*,"0.07"
"Second Wave Petroleum Inc.  (A20X)",*,"0.30"
"Secure Energy Services Inc.  (A267)",*,"3.11"
"Seller's Oilfield Service Ltd.  (0M62)",*,"1.09"
"SemCAMS ULC  (A1YD)",,"1.77"
"Sequoia Operating Corp.  (A7H2)",,"2.79"
"Sequoia Resources Corp.  (0Z5F)",,"1.03"
"Serafin Resources Inc.  (0RG3)",,"3.14"
"Seven Generations Energy Ltd.  (A54C)",,"30.88"
"Shackleton Exploration Ltd.  (0A8E)",,"4.75"
"Shale Petroleum Ltd.  (A75H)",,"3.14"
"Shalex Corporation  (A61J)",*,"0.95"
"Shanghai Energy Corporation  (A770)",,"3.39"
"Shanpet Resources Ltd.  (0PP7)",*,"0.96"
"Sharata Resources Limited  (0KL6)",*,"1.00"
"Shell Canada Limited  (0T03)",,"6.70"
"Shield Energy Ltd.  (A6YC)",,"5.25"
"Shiningstar Energy Ltd.  (A62Y)",,"2.13"
"Sifton Petroleum Inc.  (A727)",,"2.75"
"Signa Oilfield Canada Inc.  (A750)",*,"1.10"
"Signalta Resources Limited  (0R89)",,"1.68"
"Siksika Energy Resources Corporation  (0M4H)",*,"1.00"
"Silver Bay Resources Ltd.  (0KC1)",*,"1.47"
"Silver Blaze Energy Ltd.  (0KB2)",*,"0.51"
"Silver Peak Industries Ltd.  (A18E)",*,"1.03"
"Sinopec Daylight Energy Ltd.  (A6GD)",,"2.68"
"Sintana Energy Inc.  (A6WR)",,"0.00"
"Sitka Exploration Ltd.  (A63R)",,"4.06"
"Softrock Minerals Ltd.  (0RY8)",*,"1.00"
"Sogar Resources Ltd.  (0NX1)",,"1.96"
"Sojourn Energy Inc.  (A5GZ)",*,"1.00"
"Sonoma Resources Ltd.  (A21P)",,"0.98"
"South Ridge Management Ltd.  (0HL7)",,"1.72"
"Southern Pacific Resource Corp.  (A2DG)",,"0.00"
"Spartan Energy Corp.  (0RA7)",*,"1.37"
"Spectra Energy Midstream Corporation  (A1KN)",,"1.40"
"Sphere Energy Corp.  (0WP5)",,"1.47"
"Sprocket Energy Corporation  (A7HD)",,"3.02"
"Spry2 Energy Inc.  (A6DG)",,"3.48"
"Spur Petroleum Ltd.  (A7GR)",,"3.46"
"Standard Exploration Ltd.  (A5Y5)",,"2.80"
"Starchild Energy Systems Ltd.  (0DH6)",*,"1.00"
"Statoil Canada Ltd.  (A327)",,"1.00"
"Steel Reef Infrastructure Corp.  (A6KL)",,"1.00"
"Steen Resources Ltd.  (0M72)",*,"1.00"
"Steppe Petroleum Inc.  (A6NF)",,"0.81"
"Sterling Resources Ltd.  (0RM2)",,"1.00"
"Stewart & Stevenson Canada Inc.  (A2RR)",*,"1.03"
"Stockwork Properties Ltd.  (0EN3)",*,"2.06"
"Stonewater Resources Inc.  (0TF8)",,"2.28"
"Storm Resources Ltd.  (A5MM)",*,"1.18"
"Stormhold Energy Ltd.  (A5RG)",*,"0.39"
"Strata Oil & Gas Inc.  (A22T)",*,"1.00"
"Strategic Oil & Gas Ltd.  (A524)",,"1.74"
"Strath Resources Ltd.  (A7GW)",,"5.74"
"Strong Energy Resources Ltd.  (A22X)",,"2.19"
"Success Energy Ltd.  (A6PL)",*,"0.03"
"Success Resources Ltd.  (A50K)",,"1.17"
"Summerland Energy Inc.  (A5MT)",,"2.09"
"Sun Century Petroleum Corporation  (0RZ4)",,"2.11"
"Sun Star Energy Inc.  (A61N)",,"0.00"
"Suncor Energy Inc.  (0054)",*,"38.85"
"Sunshine Oilsands Ltd.  (A2TF)",,"7.56"
"Surat Energy Inc.  (0ND1)",,"1.07"
"Surge Energy Inc.  (0YK4)",,"2.28"
"Surmont Energy Ltd.  (A6CA)",,"1.00"
"Sutton Energy Ltd.  (0M9E)",,"1.04"
"Swan Hills Synfuels Ltd.  (A31K)",*,"1.00"
"Sydco Energy Inc.  (A543)",,"0.92"
"T & E Oils Ltd.  (0TW6)",*,"0.74"
"Taber Water Disposal Inc.  (0YH8)",*,"0.50"
"Taku Gas Limited  (0NG8)",,"1.10"
"Tall Pine Drilling Ltd.  (0A7C)",,"1.00"
"Tallahassee Exploration Inc.  (A7HE)",,"3.00"
"Tallahassee Resources Inc.  (A63N)",*,"2.11"
"Tamarack Acquisition Corp.  (A5TT)",,"2.74"
"Tanager Energy Inc.  (A6HG)",*,"2.33"
"Tandem Energy Corporation  (A148)",*,"1.00"
"Tangle Creek Energy Ltd.  (A5WA)",,"7.87"
"TAQA North Ltd.  (A2TG)",,"2.18"
"Teck Resources Limited  (A64M)",*,"1.05"
"Teine Energy Ltd.  (A5L8)",*,"1.10"
"Tenax Energy Inc.  (A49K)",*,"1.00"
"Tenth Avenue Petroleum Corp.  (A26C)",*,"4.47"
"Teric Power Ltd.  (A6P0)",*,"0.75"
"Tero Oilfield Services Ltd.  (0WM3)",*,"1.02"
"Tervita Corporation  (0NZ1)",*,"6.79"
"Tetreau & Associates Ltd.  (0DL2)",,"2.82"
"TexAlta Industries Ltd.  (A695)",*,"1.00"
"The Locke Stock & Barrel Company Ltd.  (0Z3H)",*,"1.19"
"The Paddon Hughes Development Co. Ltd.  (0D74)",*,"1.35"
"Thoroughbred Energy Ltd.  (A306)",,"2.80"
"Tiamat Resources Inc.  (0C8Z)",*,"1.00"
"Tians Oil Ltd.  (0L3C)",*,"1.08"
"Tidewater Midstream and Infrastructure Ltd.  (A74Y)",*,"2.17"
"TimberRock Energy Corp.  (A16J)",,"6.25"
"Top Oil Production Ltd.  (A5N0)",,"2.47"
"Topanga Resources Ltd.  (A772)",,"0.53"
"Topeka Energy Inc.  (0FN7)",,"0.00"
"TORC Oil & Gas Ltd.  (A5RJ)",,"7.35"
"Tori Resources Inc.  (A628)",,"1.50"
"Toro Oil & Gas Ltd.  (A00J)",,"1.29"
"Torxen Resources Ltd.  (A7K7)",,"1.00"
"Total E&P Canada Ltd.  (0N3A)",*,"1.27"
"Tourmaline Oil Corp.  (A573)",*,"13.37"
"Tower Ridge Enterprises Corp.  (A64Y)",,"1.30"
"Town Of Smoky Lake  (0217)",*,"1.00"
"Town Of Valleyview  (0287)",*,"1.00"
"Transaction Oil & Gas Ventures Inc.  (A0DT)",*,"1.00"
"TransCanada Energy Ltd.  (0NPM)",,"8.51"
"Transglobe Energy Corporation  (0YH6)",,"3.33"
"Traverse Energy Ltd.  (0F9L)",,"4.78"
"Tri-Ment Corporation Ltd.  (0WY2)",*,"1.03"
"TRI-PEC Resources Ltd.  (A6KA)",*,"1.00"
"Trident Exploration (Alberta) Corp.  (A663)",,"1.92"
"Trident Exploration (wx) Corp.  (A6RF)",,"1.47"
"Trilogy Energy Corp.  (A7M2)",,"4.26"
"Triple Five Intercontinental Group Ltd.  (A6WA)",,"35.66"
"Trooper Oil & Gas Limited  (0NA7)",*,"4.89"
"Tykewest Limited  (A1M4)",,"1.93"
"Unit 18 Corp.  (0HE4)",,"1.47"
"Valparaiso Energy Inc.  (0XG1)",*,"1.00"
"Value Creation Inc.  (A11W)",*,"1.13"
"Velvet Energy Ltd.  (A5YK)",,"7.57"
"Venturion Oil Limited  (A6BY)",,"8.42"
"Veresen Midstream General Partner Inc.  (A734)",*,"1.02"
"Vermilion Energy Inc.  (A6FW)",,"3.87"
"Vesta Energy Ltd.  (A0L1)",,"4.46"
"View Mont Estates Ltd.  (0KM6)",*,"1.60"
"Village Of Boyle  (0385)",*,"1.00"
"Vista Resources Inc.  (0B2C)",*,"1.00"
"Vital Energy Inc.  (A6YL)",*,"2.18"
"Vulture Energy Ltd.  (A56X)",,"2.27"
"W W Becker Oil and Gas Ltd.  (0R48)",*,"1.00"
"Wabash Mfg. Inc.  (0FN6)",,"0.00"
"Warwick Gas Storage Ltd.  (A68H)",*,"0.78"
"Weil Group Canada, Ltd.  (A6RZ)",*,"1.00"
"Welleco Ventures Ltd.  (A50D)",,"0.00"
"Wescan Energy Corp.  (A590)",,"1.70"
"West Isle Energy Inc.  (0RZ8)",,"0.14"
"West Lake Energy Corp.  (A7H7)",,"1.70"
"West Star Oil & Gas Co. Ltd.  (0TW5)",*,"6.66"
"Westbrick Energy Ltd.  (A5WB)",,"22.64"
"Westdrum Energy Ltd.  (0EE3)",,"1.37"
"Westhill Resources Limited  (0T49)",,"0.51"
"White Owl Energy Services Inc.  (A70G)",*,"1.00"
"White Owl Energy Services Ltd.  (A7K8)",*,"1.09"
"White Swan Environmental Ltd.  (A6T6)",*,"1.00"
"Whitecap Resources Inc.  (A5BE)",,"5.26"
"Whitehall Energy Ltd.  (0A5Y)",,"4.16"
"Whitemud Creek Resources Ltd.  (A2KE)",,"4.28"
"Wilcox Energy Corp.  (A5YX)",,"1.40"
"Wild Rose Energy Ltd.  (A5TP)",,"0.89"
"Wildcat Rentals Ltd.  (A5EN)",*,"0.99"
"Windtalker Energy Corp.  (A5YY)",,"2.29"
"Winslow Resources Inc.  (A172)",,"1.51"
"Winstar Resources Ltd.  (0TR9)",*,"1.00"
"WLA Investment Ltd.  (A65J)",,"4.41"
"Wolf Coulee Resources Inc.  (A16L)",,"1.37"
"Writers Oil & Gas Limited  (0TR5)",,"4.77"
"XS Energy Ltd.  (A707)",*,"1.00"
"XTO Energy Canada ULC  (A6GB)",,"4.42"
"Yangarra Resources Corp.  (0LN7)",,"7.30"
"Yoho Resources Inc.  (A1B6)",,"2.62"
"Zargon Oil & Gas Ltd.  (0MP9)",,"1.35"
"Zeal Energy Inc.  (A612)",,"0.96"
"ZNX Energy Ltd.  (A5B0)",,"11.95"
"Zoneda Energy Ltd.  (A62G)",*,"1.00"
* indicates security held under a Liability Management Program
