project,postalCodes,zipCodes
Nova_Gas_Transmission_Ltd_Sundre_Crossover,T2R 0A8,NA
Nova_Gas_Transmission_Ltd_Sundre_Crossover,T2R 0A8,NA
Nova_Gas_Transmission_Ltd_Sundre_Crossover,T0C1N0,NA
Nova_Gas_Transmission_Ltd_Sundre_Crossover,T0C 1N0,NA
Nova_Gas_Transmission_Ltd_Sundre_Crossover,T0C1N0,NA
Nova_Gas_Transmission_Ltd_Sundre_Crossover,T2R 0A8,NA
Nova_Gas_Transmission_Ltd_Sundre_Crossover,T2R 0A8,NA
Nova_Gas_Transmission_Ltd_Sundre_Crossover,T2R 0A8,NA
Nova_Gas_Transmission_Ltd_Sundre_Crossover,T2R 0A8,NA
Nova_Gas_Transmission_Ltd_Sundre_Crossover,T2R 0A8,NA
Nova_Gas_Transmission_Ltd_Sundre_Crossover,T2R 0A8,NA
Nova_Gas_Transmission_Ltd_Sundre_Crossover,T2R 0A8,NA
Nova_Gas_Transmission_Ltd_Sundre_Crossover,T2R 0A8,NA
Nova_Gas_Transmission_Ltd_Sundre_Crossover,T2P 3H7,NA
Nova_Gas_Transmission_Ltd_Sundre_Crossover,T2R 0A8,NA
Nova_Gas_Transmission_Ltd_Sundre_Crossover,T2R 0A8,NA
Nova_Gas_Transmission_Ltd_Sundre_Crossover,T2R 0A8,NA
Nova_Gas_Transmission_Ltd_Sundre_Crossover,T2R 0A8,NA
Nova_Gas_Transmission_Ltd_Sundre_Crossover,T2R 0A8,NA
Nova_Gas_Transmission_Ltd_Sundre_Crossover,T2R 0A8,NA
Nova_Gas_Transmission_Ltd_Sundre_Crossover,T2P 2W2,NA
Nova_Gas_Transmission_Ltd_Sundre_Crossover,T2P 2W2,NA
Nova_Gas_Transmission_Ltd_Sundre_Crossover,T2R 0A8,NA
Nova_Gas_Transmission_Ltd_Sundre_Crossover,T2R 0A8,NA
Nova_Gas_Transmission_Ltd_Sundre_Crossover,T2R 0A8,NA
Nova_Gas_Transmission_Ltd_Sundre_Crossover,T2R 0A8,NA
Nova_Gas_Transmission_Ltd_Sundre_Crossover,T2R 0A8,NA
Nova_Gas_Transmission_Ltd_Sundre_Crossover,T2R 0A8,NA
Nova_Gas_Transmission_Ltd_Sundre_Crossover,T2P 2S5,NA
Nova_Gas_Transmission_Ltd_Sundre_Crossover,T2R 0A8,NA
Nova_Gas_Transmission_Ltd_Sundre_Crossover,T2R 0A8,NA
Nova_Gas_Transmission_Ltd_Sundre_Crossover,T2R 0A8,NA
Nova_Gas_Transmission_Ltd_Sundre_Crossover,T2R 0A8,NA
Nova_Gas_Transmission_Ltd_Sundre_Crossover,T2P 3H7,NA
Nova_Gas_Transmission_Ltd_Sundre_Crossover,T2R 0A8,NA
Nova_Gas_Transmission_Ltd_Sundre_Crossover,T2R 0A8,NA
Nova_Gas_Transmission_Ltd_Sundre_Crossover,T2R 0A8,NA
Nova_Gas_Transmission_Ltd_Sundre_Crossover,T2P 0H7,NA
Nova_Gas_Transmission_Ltd_Sundre_Crossover,T2P 0H7,NA
Nova_Gas_Transmission_Ltd_Sundre_Crossover,T2R 0A8,NA
Nova_Gas_Transmission_Ltd_Sundre_Crossover,T2R 0A8,NA
Nova_Gas_Transmission_Ltd_Sundre_Crossover,T2R 0A8,NA
Nova_Gas_Transmission_Ltd_Sundre_Crossover,T2R 0A8,NA
Nova_Gas_Transmission_Ltd_Sundre_Crossover,T2R 0A8,NA
Nova_Gas_Transmission_Ltd_Sundre_Crossover,T2R 0A8,NA
Nova_Gas_Transmission_Ltd_Sundre_Crossover,T2R 0A8,NA
Nova_Gas_Transmission_Ltd_Sundre_Crossover,T2R 0A8,NA
Nova_Gas_Transmission_Ltd_Sundre_Crossover,T2R 0A8,NA
Nova_Gas_Transmission_Ltd_Sundre_Crossover,T2R 0A8,NA
Nova_Gas_Transmission_Ltd_Sundre_Crossover,T2R 0A8,NA
Nova_Gas_Transmission_Ltd_Sundre_Crossover,T2P 3H7,NA
Nova_Gas_Transmission_Ltd_Sundre_Crossover,T2R 0A8,NA
Nova_Gas_Transmission_Ltd_Sundre_Crossover,T2P 1G1,NA
Nova_Gas_Transmission_Ltd_Sundre_Crossover,T2R 0A8,NA
Nova_Gas_Transmission_Ltd_Sundre_Crossover,T2P 0H7,NA
Nova_Gas_Transmission_Ltd_Sundre_Crossover,T2R 0A8,NA