LMS - INT03,"September 01, 2018"
Alberta Energy Regulator
Liability Management Programs Results Report
Liability Run ID:,41057
Liability Run Date:,"September 01, 2018"
Disclaimer:
Please note that the information posted on this Web site is provided solely for the convenience of licensees. The Liability Management Rating (LMR) provided for licensees reflects the results of a comparison of their deemed assets to their deemed liabilities for all Liability Management programs.  This ratio is based on information reported to the AER and the calculation of deemed 
assets and deemed liabilities as specified in AER Directive:,006 Licensee Liability Rating (LLR) 
Program and Licence Transfer Process, Directive 024: Large Facility Liability Management Program (LFP) and Directive 075: Oilfield Waste Liability (OWL) Program.
"This information is provided without warranty of any kind, and while believed to be accurate, the AER, its agents, employees and contractors hereby disclaim any liability for losses or damages that may result or arise from the use of or reliance on the information provided on this site."
Liability Management Rating (LMR) 
Industry LMR Threshold:,1.00
Industry Average LMR:,"4.85"
Number of Licensees at or over Industry Threshold:,"416"
Number of Licensees below Industry Threshold:,"326"
Total Number of Licensees Evaluated:,"742"
Total Number of Licences/Approvals Evaluated:,"347,591"
Total Deemed Assets:,"$146,858,075,626.57"
Total Deemed Liabilities:,"$30,267,349,926.92"
Total Estimated Liabilities:,"$30,964,314,289.92"
Total LMR Security Held:,"$187,397,039.76"
Liability Management (LMR) Rating Summary 
LMR Range,Number of Licensees,Number of Licences/ Approvals,Total Deemed Assets,Total Deemed Liabilities,LMR Value
0.00,"225","3,177","$11,368.22","$230,234,039.46","0.00"
0.01 - 0.49,"39","1,164","$23,543,796.19","$111,853,912.33","0.21"
0.50 - 0.99,"62","12,748","$679,999,881.94","$841,291,123.04","0.81"
1.00 - 1.49,"128","51,906","$4,857,838,923.27","$3,781,131,905.77","1.28"
1.50 - 1.99,"61","65,806","$8,461,194,596.74","$4,637,584,660.58","1.82"
2.00 - 2.99,"64","120,182","$27,659,416,899.21","$10,141,030,771.43","2.73"
3.00 - 3.99,"24","14,092","$4,648,813,519.16","$1,381,335,590.09","3.37"
4.00 - 4.99,"24","18,942","$9,863,537,570.01","$2,139,449,901.42","4.61"
5.00 - 5.99,"20","7,007","$3,454,565,903.87","$635,540,732.78","5.44"
6.00 - 6.99,"10","3,694","$3,216,178,656.81","$490,345,544.09","6.56"
7.00 - 7.99,"13","4,085","$4,120,720,922.29","$539,621,144.00","7.64"
8.00 - 8.99,"13","10,903","$10,278,361,108.50","$1,239,532,775.81","8.29"
9.00 - 9.99,"6","775","$543,418,417.88","$59,341,034.15","9.16"
10.00 or >  ,"53","33,110","$69,050,474,062.48","$4,039,056,791.97","17.10"
Liability Management Rating (LMR) Results 
Licensee Name,Security On Hand,Security Adjusted LMR
"1170778 Alberta Ltd.  (A1ET)",*,"0.57"
"1195714 Alberta Ltd.  (A1R7)",,"16.74"
"1288131 Alberta Ltd.  (A57K)",,"3.02"
"1316751 Alberta Ltd.  (A2Y3)",,"0.00"
"1343358 Alberta Ltd.  (A2TB)",,"1.00"
"1367290 Alberta Ltd.  (A5F8)",,"1.00"
"1435008 Alberta Ltd.  (A7G3)",*,"1.00"
"1506928 Alberta Ltd.  (A5WK)",,"2.16"
"1509178 Alberta Ltd.  (A5XP)",*,"1.28"
"1822916 Alberta Ltd.  (A6X3)",,"0.96"
"1852797 Alberta ULC  (A73D)",*,"6.22"
"1885712 Alberta Ltd.  (A76B)",*,"1.00"
"1977715 Alberta Ltd.  (A7EF)",*,"1.00"
"258912 Alberta Ltd.  (0DG1)",*,"1.30"
"410577 Alberta Limited  (0NB3)",*,"1.00"
"439 Oil Corp.  (A098)",*,"1.00"
"538080 Alberta Corporation  (A07P)",*,"1.51"
"545279 Alberta Limited  (0PT6)",*,"1.01"
"611890 Alberta Inc.  (A5EF)",,"9.92"
"840586 Alberta Ltd.  (0D6B)",*,"0.87"
"935821 Alberta Ltd.  (A2YM)",*,"0.97"
"97837 Resources Ltd.  (0W01)",*,"1.32"
"979968 Alberta Ltd.  (A6N9)",*,"1.48"
"ACCEL Canada Holdings Limited  (A7ND)",,"1.19"
"ACCEL Energy Canada Limited  (A7GH)",,"1.21"
"Accurate Energy Solutions Ltd.  (A6NC)",*,"0.65"
"Acquisition Oil Corp.  (A7N3)",,"1.19"
"Adanac Oil & Gas Limited  (0FC1)",*,"1.16"
"ADM Agri-Industries Company  (A06P)",*,"1.00"
"Advance Drilling Ltd.  (0XG3)",,"32.91"
"Advantage Oil & Gas Ltd.  (0TD9)",,"25.92"
"Aeneid Exploration Inc.  (A79H)",,"3.29"
"Aeraden Energy Corp.  (A79A)",,"1.00"
"Alberta Petroleum Energy Limited  (0WZ4)",*,"1.91"
"Alexander Oilfield Services Ltd.  (0MK6)",*,"1.23"
"Alphabow Energy Ltd.  (A7H2)",,"1.26"
"AltaGas Ltd.  (A0TK)",*,"2.67"
"AltaGas Utilities Inc.  (0190)",*,"1.00"
"Altima Resources Ltd.  (A669)",,"4.40"
"Altura Energy Inc.  (A54P)",,"9.43"
"Amethyst Petroleums Ltd.  (0HF7)",*,"1.32"
"Andora Energy Corporation  (A14L)",*,"1.00"
"Andrich Resources Ltd.  (0P92)",,"2.61"
"Anegada Oil Corp.  (A789)",,"10.01
"
"Anhydride Oil Corporation  (0PY5)",*,"0.53"
"Annex Petroleum Inc.  (A1EJ)",,"0.00"
"AOC (ELE) Corp.  (A5PJ)",,"1.00"
"APL Oil & Gas (1998) Ltd.  (0XN6)",,"1.48"
"Aqua Terra Water Management Inc.  (0M7P)",,"1.09"
"ARC Resources Ltd.  (0G30)",,"2.11"
"Area 2 Energy Ltd.  (A79G)",,"0.81"
"Arrandale Resources Ltd.  (0JC7)",*,"1.00"
"Arrow Point Oil & Gas Ltd.  (A5BL)",,"0.62"
"Artis Exploration Ltd.  (A77W)",,"19.35"
"Ascensun Oil and Gas Ltd.  (A6MY)",*,"1.02"
"Ashanti Gold Corp.  (A0WE)",*,"0.80"
"Aspenleaf Energy Limited  (A74X)",,"7.29"
"ATCO Energy Solutions Ltd.  (0Z2W)",*,"1.99"
"ATCO Gas And Pipelines Ltd.  (0144)",*,"1.76"
"Athabasca Oil Corporation  (A28L)",,"18.37"
"Avalon Energy Ltd.  (0KX6)",,"1.14"
"Avila Exploration & Development Canada Ltd.  (A7NE)",,"0.49"
"Axiom Oil and Gas Inc.  (A71K)",,"1.14"
"Baccalieu Energy Inc.  (A73C)",,"6.64"
"Baker Hughes Canada Company  (A5MN)",*,"1.00"
"Band Energy Resources Ltd.  (A07M)",,"3.17"
"Barcomp Petroleum Ltd.  (0LM7)",,"1.95"
"Barnwell of Canada, Limited  (0J66)",,"1.27"
"Bashaw Oil Corp.  (A6Y8)",,"1.89"
"Bay Trail Resources Ltd.  (A5NZ)",,"3.72"
"Baytex Energy Ltd.  (0RL9)",,"3.35"
"BDJ Energy Inc.  (A611)",,"22.27"
"Bear Hills Industries Ltd.  (0MM5)",,"1.42"
"Bearspaw Petroleum Ltd.  (0NL1)",,"1.25"
"Beatton Energy Inc.  (A4XG)",*,"1.82"
"Beaver Lake Resources Corporation  (0RW4)",*,"1.24"
"Bek Holdings Ltd.  (A52W)",,"1.00"
"Bellatrix Exploration Ltd.  (A5E0)",,"10.57"
"Benjaka Exploration Inc.  (A1C3)",*,"0.21"
"Bering Exploration Company, ULC  (A2XA)",,"5.93"
"Bernum Petroleum Ltd.  (A5D6)",,"1.72"
"Berry Creek Resources Inc.  (0PH1)",*,"1.01"
"Birchcliff Energy Ltd.  (A12R)",,"19.63"
"Birchill Canada Corp.  (A6WF)",,"9.31"
"Birchwood Resources Inc.  (A5YL)",*,"1.00"
"Black Bear Management Corp.  (0LJ6)",,"1.00"
"Black Crane Energy Corp.  (A7HL)",*,"2.92"
"Black Diamond Energy Corporation  (A0NE)",*,"1.00"
"Black Seal Resources Corp.  (A31H)",,"1.00"
"Blackbird Energy Inc.  (A698)",,"14.96"
"Blackhawk Resource Operating Corp.  (A5CT)",*,"1.20"
"Blackpearl Resources Inc.  (A5GE)",,"3.75"
"Blackshale Resources Inc.  (A6FP)",*,"1.00"
"Blackspur Oil Corp.  (A6F7)",,"6.82"
"Blaze Energy Ltd.  (0TX1)",*,"0.90"
"Blue Springs Energy Ltd.  (0NT2)",,"1.62"
"Blue Star Energy Inc.  (A774)",*,"3.45"
"Bluestone Resources Inc.  (0WC3)",,"0.00"
"BLZ Energy Ltd.  (A30X)",,"0.00"
"Bonavista Energy Corporation  (A5RX)",,"4.10"
"Bonterra Energy Corp.  (0XZ4)",,"2.07"
"Border Petroleum Limited  (A562)",*,"0.59"
"Boulder Energy Ltd.  (A73X)",,"5.03"
"Bounty Developments Ltd.  (0HP8)",*,"1.38"
"Bow River Energy Ltd.  (A6N8)",,"1.32"
"BP Canada Energy Group ULC  (A62D)",*,"2.00"
"Brahma Resources Ltd.  (A31A)",,"0.87"
"Brand S Resources Ltd.  (0PM4)",*,"1.00"
"Bridgeoil Corporation  (A6AW)",*,"1.00"
"Broadview Energy Ltd.  (A5TA)",,"8.00"
"Bruderheim Energy Terminal Ltd.  (A76J)",*,"1.00"
"BRW Petroleum Corp.  (A6E9)",*,"1.00"
"Butte Energy Inc.  (A61Z)",*,"1.00"
"C Group Energy Inc.  (A6YN)",,"1.96"
"Cabot Energy Inc.  (A5HR)",,"2.10"
"Cadotte Disposal Services Ltd.  (A7K9)",*,"1.06"
"Caiterra International Energy Corporation  (A6AX)",*,"1.00"
"Cal-Ranch Resources Inc.  (0XG6)",*,"1.00"
"Caledonian Royalty Corporation  (A684)",*,"0.95"
"Calgary Crude Oil Limited  (0J61)",*,"4.83"
"Caltex Resources Ltd.  (A60R)",,"7.27"
"Canada Northwest Energy Limited  (0L99)",*,"1.27"
"Canadian Coastal Resources Ltd.  (0PD1)",,"1.00"
"Canadian Energy Services & Technology Corp.  (A7C1)",,"5.75"
"Canadian Imperial Venture Corp.  (A73J)",*,"1.00"
"Canadian Natural Resources Limited  (0HE9)",,"2.97"
"Canadian Natural Upgrading Limited  (A7K5)",,"5.42"
"Canadian-Montana Pipe Line Corporation  (0958)",*,"1.00"
"Canamax Energy Ltd.  (A6LB)",,"6.01"
"Cancen Oil Processors Inc.  (A214)",*,"1.32"
"Canden Resources Ltd.  (0MH8)",*,"1.00"
"Cangild Resources Ltd.  (0P42)",*,"1.00"
"Canlin Energy Corporation  (A7M1)",,"2.33"
"Cansearch Resources Ltd.  (0PW8)",,"1.62"
"Canstone Energy Ltd.  (A69G)",,"1.43"
"Canuck North Resources Ltd.  (A60G)",,"5.03"
"Canyon Oil & Gas Corporation  (0L3H)",,"1.12"
"Cardinal Energy Ltd.  (A6A7)",,"1.97"
"Carrick Petroleum Inc.  (A6AM)",,"4.63"
"Castlegate Energy Ltd.  (A7F3)",,"1.00"
"Catapult Environmental Inc.  (A73Y)",*,"2.67"
"Cec North Star Energy Ltd.  (A6FB)",*,"1.39"
"Cedar Creek Energy Ltd.  (A7E1)",*,"1.24"
"Cenovus Energy Inc.  (A5D4)",,"13.77"
"Cenovus TL ULC  (A629)",*,"1.00"
"Centennial Petroleum Company Ltd.  (0DL9)",,"1.83"
"Cequence Energy Ltd.  (A1ME)",,"5.42"
"Cerno Resources Ltd.  (A7LC)",,"1.00"
"Certus Oil And Gas Inc.  (A7J4)",,"1.52"
"Challenger Development Corp.  (0CX7)",,"1.26"
"Changhua Energy Canada Ltd.  (A63L)",,"3.58"
"Check Energy Ltd.  (A6M0)",*,"12.08"
"Chemnor Industries Ltd  (0BR8)",*,"0.79"
"Chevron Canada Limited  (0045)",*,"15.23"
"Chinook Energy Inc.  (A5LF)",*,"1.13"
"Chronos Resources Ltd.  (A7LT)",,"1.00"
"Cinabar Enterprises Ltd.  (0W11)",,"0.00"
"City Of Medicine Hat  (0150)",*,"1.03"
"Clampett Energy Ltd.  (A5J8)",*,"0.95"
"Clean Harbors Exploration Services, ULC  (0PH4)",,"0.00"
"Clean Harbors Industrial Services Canada, Inc.  (A619)",*,"1.67"
"Clearbrook Resources Inc.  (A5G9)",,"1.21"
"Clearview Resources Ltd.  (A5RA)",,"2.86"
"Cleo Energy Corp.  (A7BY)",,"1.14"
"CNOOC Canada Energy Ltd.  (A71M)",,"1.00"
"CNPC International (Canada) Ltd.  (0HZ2)",*,"1.01"
"Coalspur Mines (Operations) Ltd.  (A5M1)",,"1.00"
"Coastal Resources Limited  (0PR1)",,"1.09"
"Cona Resources Ltd.  (A5K1)",*,"1.00"
"Concerto Resources Ltd.  (0LW8)",,"0.00"
"Condor Canada Petroleum Inc.  (A2E5)",*,"1.00"
"Connacher Oil And Gas Limited  (0A9H)",,"25.23"
"Connaught Oil & Gas Ltd.  (A5E2)",*,"1.00"
"ConocoPhillips Canada Operations ULC  (0XL9)",*,"1.03"
"ConocoPhillips Canada Resources Corp.  (A5G3)",,"23.70"
"Continental Energy Corporation  (A7LY)",,"2.94"
"Contour Energy Ltd.  (0GY1)",*,"1.00"
"Convega Energy Ltd.  (0E9R)",,"1.17"
"Cor4 Oil Corp.  (A6Y2)",,"1.48"
"Coral Exploration Corporation  (0NF4)",*,"0.80"
"Corex Resources Ltd.  (A2WH)",*,"2.10"
"Corinthian Oil Corp.  (A732)",*,"0.75"
"Corse Energy Corp.  (A6NW)",,"2.47"
"Cortona Energy Ltd.  (A79L)",,"1.87"
"Corval Energy Ltd.  (A6D1)",,"4.47"
"Cote Resources Ltd.  (A6G5)",*,"0.86"
"Crazy Hill Resources Ltd.  (0PJ1)",*,"1.15"
"Creenergy Oil & Gas Inc.  (A7M9)",*,"1.58"
"Crescent Point Energy Corp.  (A2J6)",,"2.44"
"Crest Jinn Petroleum Corporation  (A7MZ)",,"1.00"
"Crestwynd Exploration Ltd.  (A7MT)",,"7.60"
"Creswick Petroleum Ltd.  (0LP9)",*,"1.00"
"Crew Energy Inc.  (A0C6)",,"1.73"
"Crimson Oil & Gas Ltd.  (A6AG)",*,"0.69"
"Croverro Energy Ltd.  (A5PT)",,"0.87"
"CSV Midstream Solutions Corp.  (A6WG)",,"0.00"
"Cuda Energy Inc.  (A75T)",,"10.93"
"Cycle Energy Ltd.  (0D64)",,"0.23"
"Cynthia Custom Oil Processing Ltd.  (A74R)",*,"1.00"
"Dantel Resources Ltd.  (0KG3)",*,"1.00"
"Dark Energy Ltd.  (0XF2)",,"1.64"
"Dark Warrior Resources Ltd.  (A6AP)",*,"7.03"
"DCP Oil Corp.  (A7DB)",,"15.05"
"Deckland Inc.  (A64K)",,"2.59"
"Deep Well Oil & Gas (Alberta) Ltd.  (A577)",*,"1.00"
"DeerGarden Resources Ltd.  (A64N)",*,"4.47"
"Dejour Energy (Alberta) Ltd.  (A2W4)",*,"1.32"
"Delphi Energy Corp.  (0CT7)",,"13.72"
"Deltastream Energy Corporation  (A6YA)",,"6.85"
"Derrick Petroleum Ltd.  (0PX3)",*,"1.28"
"Desoto Resources Limited  (0PH7)",*,"0.97"
"Devon Canada Corporation  (0K29)",*,"10.82"
"DGS Oil & Gas Co. Inc.  (0NX3)",*,"1.00"
"Dienerian Resources Inc.  (A777)",,"1.00"
"Dire Resources Ltd.  (0A0E)",*,"2.59"
"Direct Energy Marketing Limited  (0RC3)",,"1.00"
"Direct Oil & Gas Inc.  (A7LX)",,"2.00"
"Dirham Oil (2000) Inc.  (A00C)",*,"2.66"
"Diversified Oil & Gas Ltd.  (0C5N)",*,"1.04"
"Doag Energy Ltd.  (A63X)",*,"5.19"
"Dolomite Energy Inc.  (A1CJ)",*,"0.49"
"Dragonfountain Ltd.  (A6Y1)",*,"1.00"
"Dragos Energy Corp.  (A7FL)",*,"0.32"
"Drakkar Energy Ltd.  (A2RJ)",,"5.18"
"Dynatech Petroleum Consultants Ltd.  (0MC7)",*,"3.02"
"E-T Energy Ltd.  (A1H6)",*,"1.37"
"Eagle Energy Inc.  (A794)",,"2.93"
"Eagle Hydrocarbons Ltd.  (0PB1)",*,"1.00"
"Eastcott Holdings Ltd.  (A1P7)",*,"1.00"
"Eclipse Resources Ltd.  (0YK8)",,"2.13"
"Eco-Industrial Business Park Inc.  (A519)",,"1.60"
"Edalis Energy Inc.  (A5F0)",*,"1.00"
"Edson Anchors Ltd.  (A2NH)",*,"0.39"
"Elcano Exploration Inc.  (A78J)",*,"1.16"
"Elkhorn Petroleums Ltd.  (A72N)",*,"1.00"
"Elmdale Resources Ltd.  (0LN1)",*,"0.61"
"Ember Resources Inc.  (A1H9)",,"1.95"
"Emerald Lake Energy Ltd.  (A5YB)",,"10.90"
"Encana Corporation  (0026)",,"7.85"
"Ener T Corporation  (0HR9)",,"2.03"
"Enercapita Energy Ltd.  (A73W)",,"2.33"
"Energetic Logistics Services Inc.  (A73E)",*,"1.00"
"Energy Express Canada Corp.  (0LD3)",,"2.93"
"Enerplus Corporation  (A5RD)",,"3.02"
"Eng-Land Energy Ltd.  (0A1H)",*,"1.19"
"Enhance Energy Inc.  (A216)",,"1.10"
"Eni Canada Holding Ltd.  (A5FG)",*,"1.00"
"Entrada Resources Inc.  (A7DT)",,"2.80"
"Envolve Energy Services Corp.  (A6P8)",,"17.68"
"Equinor Canada Ltd.  (A327)",,"1.00"
"Essex Oil Corporation  (A74K)",,"2.81"
"Executive Adventures 2008 Inc.  (A6PA)",,"8.51"
"Expander Energy Inc.  (A7KE)",,"1.00"
"Exshaw Oil Corp.  (A2DM)",,"11.01"
"ExxonMobil Canada Energy  (0JT1)",*,"1.00"
"ExxonMobil Canada Ltd.  (0057)",,"1.08"
"ExxonMobil Canada Resources Company  (A0NG)",,"2.79"
"Fenway Exploration Ltd.  (A70R)",,"0.00"
"Ferrybank Resources Ltd.  (0HH4)",*,"0.58"
"Ferus Inc.  (A1Y8)",,"4.96"
"Ferus Natural Gas Fuels Inc.  (A73H)",*,"1.00"
"Fire Creek Resources Ltd.  (0TY4)",*,"1.00"
"Firefly Resources Ltd.  (0NB7)",*,"1.03"
"Firenze Energy Ltd.  (A1EZ)",,"1.80"
"Five O Oil & Gas Ltd.  (A598)",*,"0.26"
"Flow-Back Oil & Gas Ltd.  (0F9Y)",,"1.42"
"Forent Energy Ltd.  (0YE6)",,"0.97"
"Forge Oil & Gas Limited  (A76A)",,"4.15"
"Formula Powell Trucking 2006 Ltd.  (A73F)",*,"1.00"
"Fort Calgary Resources Ltd.  (A1JY)",,"1.01"
"Foxwood Resources Ltd.  (A7BC)",,"1.10"
"Frank O'Sullivan Petroleum Western Ltd.  (0EA3)",,"0.00"
"Free Rein Resources Ltd.  (0KA2)",*,"1.00"
"Freehold Royalties Ltd.  (A68A)",,"0.86"
"Front Range Resources Ltd.  (A5KN)",*,"1.00"
"G. Herman Group Inc.  (A6DY)",,"1.17"
"Gain Energy Ltd.  (A7ME)",,"2.36"
"Gear Energy Ltd.  (A2JR)",,"2.00"
"General Energy Recovery Inc.  (A7XG)",*,"1.27"
"Gentra One Resources Inc.  (0EG2)",*,"2.00"
"Geo. B. Ross Holdings Ltd.  (A05H)",*,"1.00"
"Georox Resources Inc.  (A5BH)",,"2.21"
"GEX Resources Ltd.  (0BE8)",*,"1.35"
"GFL Environmental Inc.  (A78P)",*,"1.00"
"Ghost River Resources Inc.  (A7L3)",,"2.20"
"Gibson Energy ULC  (0195)",*,"1.42"
"GL Petroleum Corporation  (A70K)",*,"1.00"
"Glen Isle Exploration Ltd.  (0AA1)",*,"1.00"
"Glenogle Energy Inc.  (A52E)",,"3.54"
"Golden Spike Energy Inc.  (A0M1)",,"1.02"
"Goldenkey Oil Inc.  (A2K7)",,"3.52"
"Grand Rapids Petroleum Ltd.  (0XJ5)",*,"1.00"
"Grandview Exploration Inc.  (A2CC)",,"4.88"
"Granite Oil Corp.  (A2PJ)",,"8.51"
"Graybeard Energy Ltd.  (A1W3)",*,"1.00"
"Green Valley Energy Ltd.  (0G4H)",*,"0.95"
"Greenfire Hangingstone Operating Corporation  (A7P4)",*,"1.00"
"Greenview 16, M.D. Of  (A6CE)",*,"1.00"
"Grizzly Discoveries Inc.  (A4XF)",*,"1.00"
"Grizzly Oil Sands ULC  (A29X)",,"0.00"
"Grizzly Resources Ltd.  (A0TX)",,"7.54"
"Gryphon Petroleum Corp.  (A1BB)",,"4.06"
"Gulf Canada Limited  (0002)",,"1.00"
"Gunnarr Resources Inc.  (A5FY)",*,"2.18"
"Hadeed Resources Inc.  (A7G6)",,"2.50"
"Halliburton Partners Canada ULC  (A77Y)",*,"1.02"
"Halo Exploration Ltd.  (A6GH)",*,"2.03"
"Hammerhead Resources Inc.  (A5T7)",,"39.04"
"Hard Rock Resources Ltd.  (0ZK3)",,"1.37"
"Hardisty Caverns Ltd.  (A04H)",*,"1.12"
"Harlech Exploration Ltd.  (0AR5)",*,"1.00"
"Harvard International Resources Ltd.  (0AF4)",*,"0.75"
"Harvest Operations Corp.  (0Z0H)",,"1.84"
"HBC Energy Ltd.  (A77B)",,"1.05"
"Hell's Half-Acre Petroleum Corporation  (A5ER)",,"3.01"
"Hemisphere Energy Corporation  (A5E4)",,"7.05"
"HESC Energy Corporation  (A6R6)",,"1.13"
"Hewitt Oil (Alberta) Ltd.  (0E30)",*,"1.00"
"High Ground Energy Inc.  (A76H)",,"4.12"
"High Point Oil Inc.  (A7PD)",,"1.00"
"Highvale Operating Corp.  (A69T)",,"0.14"
"Hillcrest Investments Ltd.  (0A0Z)",*,"0.52"
"Hillsdale Drilling Ltd.  (0KF1)",*,"1.16"
"Hitic Energy Ltd.  (A697)",,"10.77"
"Horseshoe Bay Resources Limited  (A1FR)",,"0.97"
"Houston Oil & Gas Ltd.  (A74H)",,"0.93"
"Hua Wei Oil & Gas Ltd.  (A5H8)",*,"1.00"
"Huntington Exploration Inc.  (A1HW)",*,"1.00"
"Huron Resources Corp.  (A6YG)",,"10.53"
"Husky Oil Operations Limited  (0R46)",,"4.99"
"Hutton Energy Ltd.  (A6H2)",*,"0.37"
"Iberdrola Canada Energy Services Ltd.  (0C6G)",,"7.32"
"Ikkuma Resources Corp.  (A5C4)",,"6.69"
"Imperial Oil Resources Limited  (0007)",,"8.29"
"Inception Exploration Ltd.  (A600)",,"4.32"
"Incipient Exploration Ltd.  (A6MB)",,"1.19"
"Indra Oil & Gas Ltd.  (0LJ4)",,"1.13"
"Innes Oilfield Services Ltd.  (A725)",*,"1.03"
"InPlay Oil Corp.  (A6JK)",,"2.26"
"Insch Commodity Ltd.  (A771)",,"0.00"
"Insignia Energy Ltd.  (A1FX)",,"3.75"
"Inter Pipeline Ltd.  (A6LA)",,"143.39"
"Inter Pipeline Propylene Ltd.  (A72F)",,"1.00"
"IPC Alberta Ltd.  (A7N1)",,"1.26"
"Iron Bridge Resources Inc.  (A1CL)",,"23.97"
"Ish Energy Ltd.  (0LN5)",,"2.20"
"Japan Canada Oil Sands Limited  (0NY5)",,"68.91"
"Jast Energy Ltd.  (A6LD)",,"1.56"
"Jaya Petroleum Ltd.  (0KR5)",*,"1.00"
"Jaycor Resources Inc.  (0HC4)",*,"1.45"
"Jayhawk Resources Ltd.  (A276)",,"2.91"
"JBS Food Canada ULC  (A6PZ)",,"1.00"
"John Lake Disposal Ltd.  (A2YA)",*,"1.00"
"Joli Fou Petroleums Ltd  (0AY2)",*,"0.98"
"Joslyn Energy Development Incorporated  (A29C)",,"1.00"
"Journey Energy Inc.  (A2PH)",,"2.21"
"JRJ Energy Ltd.  (A5RH)",*,"0.99"
"Jupiter Resources Inc.  (A6X1)",,"12.11"
"Just Freehold Energy Corp.  (A2N1)",,"0.97"
"K+S Windsor Salt Ltd./K+S Sel Windsor Ltee  (A6TK)",*,"1.02"
"Kaden Energy Ltd.  (A7JH)",*,"1.06"
"Kairos Resources (2011) Ltd.  (A5TJ)",*,"1.55"
"Kaisen Energy Corp.  (A7H0)",,"2.32"
"Kaiser Exploration Ltd.  (A1RN)",*,"1.03"
"Kam's Sand Coating Ltd.  (0LC7)",*,"3.13"
"Kanata Energy Group Ltd.  (A730)",,"1.90"
"Karve Energy Inc.  (A7BT)",,"1.60"
"Kasten Energy Inc.  (A5GJ)",,"1.06"
"Kaybob Energy Corp.  (A7HZ)",*,"2.00"
"Keek Inc.  (A1RM)",*,"1.41"
"Keles Production Company Ltd.  (0R36)",*,"1.00"
"Kelt Exploration Ltd.  (A6D7)",,"5.52"
"Kerr-Mcgee Of Canada Northwest Ltd.  (A1HX)",*,"1.64"
"Keyera Energy Ltd.  (A0C0)",,"4.23"
"Kicking Horse Oil & Gas Ltd.  (A7GG)",,"4.49"
"KinMerc Oil & Gas Inc.  (A2PZ)",,"1.50"
"Knol Resources Corp.  (A13Z)",*,"1.00"
"Knowledge Energy Inc.  (A2FG)",,"5.53"
"Koch Oil Sands Operating ULC  (A2N2)",*,"1.02"
"Komstar Resources Ltd.  (A7LZ)",*,"1.39"
"Kor Energy Inc.  (A0CB)",*,"0.27"
"Lance Exploration Corp.  (A78R)",*,"0.83"
"Land Petroleum International Inc.  (0MM6)",*,"0.90"
"Laricina Energy Ltd.  (A1TY)",*,"1.00"
"Leddy Exploration Limited  (0359)",*,"1.00"
"Leucrotta Exploration Inc.  (A6XJ)",*,"1.00"
"Lexin Resources Ltd.  (0CW8)",,"0.00"
"LGX Oil + Gas Inc.  (A6D5)",*,"0.29"
"Little Rock Resources Ltd.  (A7C6)",,"1.48"
"Logic Energy Ltd.  (A67B)",,"1.01"
"Long Lake Energy Ltd.  (A5MR)",,"1.67"
"Long Run Exploration Ltd.  (A517)",,"1.28"
"Long Term Asset Management Inc.  (A6JF)",,"1.95"
"Longshore Resources Ltd.  (A76W)",,"3.09"
"Luxur Resources Inc.  (A0NH)",*,"0.99"
"Lynx Energy ULC  (A7AG)",,"1.40"
"Machree Environmental Ltd.  (A7MR)",*,"2.00"
"Madalena Energy Inc.  (A2K6)",,"1.00"
"Maguire Resources Ltd.  (0EK3)",*,"1.00"
"Malak Energy Inc.  (A5EA)",*,"1.97"
"Mancal Energy Inc.  (0YT7)",,"5.54"
"Manitok Energy Inc.  (A5M4)",,"1.91"
"Marathon Oil Canada Corporation  (A6EN)",,"1.00"
"Marksmen Energy Inc.  (A1RT)",*,"0.33"
"Marlboro Energy Ltd.  (A7BZ)",,"2.43"
"Marquee Energy Ltd.  (A5EB)",,"1.53"
"Mato Inc.  (0ZR6)",,"1.55"
"Maverick Resources Ltd.  (A0BY)",*,"1.00"
"Maverick Strategic Growth Fund (India) Ltd.  (A6CX)",*,"1.00"
"McLand Resources Ltd.  (A6TW)",,"0.73"
"Medicine River Oil Recyclers Ltd.  (0GZ6)",*,"1.56"
"MEG Energy Corp.  (0Z9C)",,"25.24"
"Meritage Midstream ULC  (A78K)",,"11.03"
"Methanex Corporation  (0L62)",*,"1.00"
"Mika Resources Ltd  (0M82)",*,"0.91"
"MMCII Energy ULC  (A2R0)",,"1.00"
"Modern Resources Inc.  (A6M8)",,"17.25"
"Mojek Resources Inc.  (A719)",,"1.64"
"Montana Exploration Corp.  (0A8C)",,"4.59"
"Mooncor Energy Inc.  (A2BW)",*,"0.85"
"Mount Bastion Oil & Gas Corp.  (A79R)",,"2.71"
"Mount Dakota Energy Corp.  (A1D0)",*,"0.36"
"Muddy Petroleum Company Ltd.  (0Z1K)",*,"0.89"
"Murphy Oil Company Ltd.  (0063)",,"10.25"
"N-Solv Corporation  (A78Y)",,"0.00"
"N7 Energy Ltd.  (A73N)",*,"1.46"
"Nakoda Oil and Gas Inc.  (A6TX)",,"0.44"
"NAL Resources Limited  (0TM9)",,"1.94"
"NEP Canada ULC  (A637)",,"8.11"
"New North Resources Ltd.  (0CZ4)",,"1.14"
"New Star Energy Ltd.  (A68R)",,"2.36"
"Newpark Canada Inc.  (A71Y)",,"4.41"
"Nexen Energy ULC  (A6LC)",,"7.62"
"Nine Ring Energy Development Inc.  (A767)",,"1.00"
"Nomad Exploration Ltd.  (A6F3)",*,"2.16"
"Nor-Alta Energy Corporation  (0BD9)",*,"1.00"
"North 40 Resources Ltd.  (A7E2)",,"71.92"
"North West Redwater Holdings Corp.  (A6KE)",*,"1.00"
"Northern Alberta Oil Ltd.  (A176)",*,"1.00"
"Northern Hunter Energy Inc.  (A2CY)",*,"3.36"
"Northern Utilities (Sask.) Ltd.  (0182)",,"2.31"
"Norwegian Petroleum Inc.  (A56D)",,"0.96"
"Notine Holdings Inc.  (A778)",,"1.35"
"Nottingham Midstream Limited  (A6RN)",*,"1.00"
"Novagas Canada Ltd.  (0TA4)",*,"1.00"
"Novus Energy Inc.  (A1RY)",,"1.13"
"NuVista Energy Ltd.  (A0A7)",,"6.38"
"NVP Exploration Inc.  (A6NT)",,"4.98"
"Nyrstar Myra Falls Ltd.  (A6EH)",*,"1.00"
"Oak Resources Ltd.  (A70Z)",*,"1.00"
"OAN Resources Ltd.  (A7P0)",,"16.94"
"Obsidian Energy Ltd.  (0BP8)",,"1.80"
"Oculus Transport Ltd.  (A77M)",*,"1.00"
"Odin Capital Inc.  (0X0X)",*,"1.00"
"Ohana Resources Inc.  (A6N5)",,"1.17"
"Oil Reserve Inc.  (A625)",*,"1.00"
"Omimex Canada, Ltd.  (0P83)",*,"1.12"
"Optimal Resources Inc.  (A5Y7)",*,"1.00"
"Optimus Energy Limited  (0D84)",*,"1.00"
"ORLEN Upstream Canada Ltd.  (A2DE)",,"5.86"
"OSUM Oil Sands Corp.  (A2FJ)",*,"1.22"
"Osum Production Corp.  (A6WN)",,"29.51"
"Outlier Resources Ltd.  (A72X)",,"2.91"
"Painted Pony Energy Ltd.  (A53T)",*,"3.68"
"Palmer Ranch (1984) Ltd.  (0EW6)",*,"1.00"
"Pamoco Resources Ltd.  (A5WC)",*,"1.00"
"Panam Energy Services Ltd.  (A6CM)",,"1.50"
"Paramount Resources Ltd.  (0AW4)",,"2.74"
"Pavilion Energy Corp.  (A22M)",*,"1.37"
"Pearson Resources Ltd.  (0AN4)",*,"1.00"
"Pele Energy Inc.  (A71L)",*,"1.14"
"Pembina Gas Services Ltd.  (A5A3)",,"1.25"
"Pembina Marketing Ltd.  (A59Y)",*,"1.11"
"Pembina NGL Corporation  (A68Y)",,"8.32"
"Pengrowth Energy Corporation  (A5R5)",,"8.06"
"Pennine Petroleum Corporation  (A06M)",,"1.15"
"Perisson Petroleum Corporation  (A7MP)",,"1.14"
"Perpetual Energy Inc.  (A5KH)",,"3.25"
"Perpetual Operating Corp.  (A1WD)",,"5.20"
"Persta Resources Inc.  (A2D9)",,"34.79"
"Petenco Resources Ltd.  (0DH9)",*,"1.05"
"Petro Buyers Inc.  (A04D)",,"0.48"
"Petrocapita GP I Ltd.  (A5K8)",*,"0.98"
"Petrocapita GP II Ltd.  (A7FR)",*,"1.43"
"Petrochina Canada Ltd.  (A5LH)",,"7.91"
"PetroFrontier Corp.  (A7D1)",,"13.50"
"Petroleo Resources Inc.  (A62R)",*,"1.05"
"Petrus Resources Corp.  (A632)",,"4.56"
"Peyto Exploration & Development Corp.  (0YA2)",,"10.05"
"Pine Cliff Energy Ltd.  (A1GR)",,"1.35"
"Pipestone Oil Corp.  (A7H5)",,"10.35"
"Pismo Energy Ltd.  (A7BP)",,"1.72"
"Plains Midstream Canada ULC  (A31G)",*,"10.95"
"Pocahontas Petroleum Ltd.  (0NK3)",*,"1.00"
"Pocamc Enterprises Ltd.  (0BN7)",,"0.00"
"Point Bar Resources Inc.  (A7D0)",,"3.15"
"Point Loma Resources Ltd.  (A662)",,"0.83"
"Polar Star Canadian Oil And Gas, Inc.  (A59R)",*,"1.01"
"Postnikoff Oilfield Services Inc.  (A54J)",*,"4.77"
"Potts Petroleum Inc.  (0C9J)",,"1.35"
"Prairie Provident Resources Canada Ltd.  (0T82)",,"1.79"
"Prairie Storm Energy Corp.  (A7DF)",,"2.79"
"Prairie Thunder Resources Ltd.  (A7NA)",,"1.00"
"Precision Drilling Corporation  (0Y52)",*,"1.04"
"Precision Energy Services ULC  (A18N)",,"1.00"
"Predator Oil Ltd.  (A6CG)",,"1.33"
"Primrose Drilling Ventures Ltd.  (0FL9)",*,"1.04"
"Pritam Oil & Gas Ltd.  (A1FN)",*,"1.39"
"Pro-Pipe Service & Sales Ltd.  (A709)",*,"0.81"
"Procyon Energy Corp.  (A1NL)",*,"1.31"
"Progress Energy Canada Ltd.  (A0YZ)",*,"1.22"
"Prospect Oil & Gas Management Ltd.  (0MM8)",,"0.97"
"Prosper Petroleum Ltd.  (A2R4)",*,"1.49"
"PTTEP Canada Limited  (A6H8)",*,"1.17"
"Pulse Oil Operating Corp.  (A7BX)",,"2.90"
"Pure Environmental Waste Management Ltd.  (A7LH)",*,"2.00"
"Pure Oil & Gas Co Ltd  (0T23)",*,"1.21"
"Pursuit Energy Inc.  (A0G7)",*,"1.82"
"Q'Max Solutions Inc.  (A728)",*,"1.00"
"Questerre Energy Corporation  (0L3Z)",,"2.56"
"Questfire Energy Corp.  (A5TC)",,"1.00"
"Raging Bull Energy Inc.  (A7GK)",,"0.00"
"Raging River Exploration Inc.  (A6TJ)",,"5.01"
"Raimount Energy Corp.  (A7LW)",,"0.66"
"Rally Canada Resources Ltd.  (A6EF)",,"0.58"
"Ramier Resources Ltd.  (0W91)",,"2.29"
"Rampart Oil Inc.  (A5MC)",,"16.62"
"Ranchwest Energy Ltd.  (A0WL)",*,"0.95"
"Range 3 Inc.  (A6E3)",,"0.45"
"Razor Energy Corp.  (A7DE)",,"1.40"
"Reber Exploration Ltd.  (0ME3)",*,"1.17"
"Reconn Resources Ltd.  (0ZG8)",*,"1.30"
"Recover Energy Services Inc.  (A78G)",*,"1.00"
"Red Angus Energy Inc.  (A7N7)",*,"1.24"
"Regco Petroleums Ltd.  (0FE8)",*,"0.88"
"Regnum Energy Ltd.  (A7JT)",,"2.18"
"Relentless Resources Ltd.  (A21Z)",,"1.91"
"Remedx Remediation Services Inc.  (0XW8)",*,"1.09"
"Renergy Petroleum (Canada) Co., Ltd.  (A6MG)",*,"1.00"
"Repsol Oil & Gas Canada Inc.  (0039)",,"3.24"
"Reserve Royalty GP #2 Ltd.  (A6Y0)",,"1.36"
"Resourceful Petroleum Canada Limited  (A6GN)",,"15.99"
"Response Energy Corporation  (0PG9)",,"1.78"
"Revel Resources Inc.  (A6RL)",*,"1.00"
"Revive Energy Corp  (0A7H)",,"1.42"
"Ribbon Creek Resources Inc.  (0Z3G)",,"1.81"
"Richards Oil & Gas Limited  (A1B5)",,"0.85"
"Ridal Resource Ltd.  (0TP8)",*,"1.14"
"Ridgeback Resources Inc.  (A7G2)",,"3.40"
"Ridgeway Petroleum Corp.  (0PK4)",*,"0.80"
"Rife Resources Ltd.  (0DZ7)",,"1.10"
"Rifle Shot Oil Corp.  (A71X)",,"5.08"
"Rimfire Energy Inc.  (A5NW)",,"7.53"
"Rising Star Resources Ltd.  (A7CZ)",,"1.58"
"Rivera Resources Ltd.  (A5J6)",*,"1.02"
"RJ Oil Inc.  (A723)",*,"1.00"
"RKSmith Energy Corp.  (A6TE)",,"1.50"
"Rock Star Resources Ltd.  (0RN8)",*,"1.00"
"Rockeast Energy Corp.  (A6M1)",,"9.23"
"Rockpoint Gas Storage Canada Ltd.  (A26Z)",,"11.88"
"Rockwood Resources Ltd.  (0HN5)",*,"0.03"
"Rocky Layman Energy Inc.  (0YE4)",*,"6.87"
"Rocky River Petroleum Ltd.  (A213)",*,"0.99"
"Rolling Hills Energy Ltd.  (A6W2)",,"5.98"
"RON Resources Ltd.  (A5AD)",,"1.56"
"Roswell Petroleum Corporation  (A61W)",*,"4.04"
"Rush Energy Services Inc.  (A7NX)",,"1.41"
"Rustum Petroleums (1993) Limited  (0PW3)",*,"1.00"
"Rustum Petroleums Limited  (0EK5)",,"4.63"
"Sabre Energy Ltd.  (0HZ8)",,"6.16"
"Saddlebrook Industrial Park Ltd.  (0GG3)",*,"1.00"
"Sage Oil & Gas Inc.  (0K3F)",*,"1.00"
"Sahara Energy Ltd.  (A1R3)",*,"2.24"
"Samoth Oilfield Inc.  (A56R)",*,"2.17"
"Sandpoint Resources Inc.  (0C4R)",,"4.53"
"Sanford Petroleum Ltd.  (0NA9)",,"6.25"
"SanLing Energy Ltd.  (A7AZ)",*,"0.95"
"Sansum Energy Inc.  (A7KN)",*,"2.50"
"Scavenger Energy GP Inc.  (A1R8)",*,"0.29"
"SCCC Petroleum Corporation  (A70J)",*,"1.00"
"Schlumberger Canada Limited  (0M07)",*,"1.48"
"Scollard Energy Ltd.  (A78E)",,"0.87"
"Scotia Oils Limited  (0DK9)",*,"1.00"
"Second Wave Petroleum Inc.  (A20X)",*,"0.43"
"Secure Energy Services Inc.  (A267)",*,"3.07"
"Seller's Oilfield Service Ltd.  (0M62)",*,"1.09"
"SemCAMS ULC  (A1YD)",,"1.82"
"Sequoia Resources Corp.  (0Z5F)",,"0.61"
"Serinus Energy Inc.  (0WZ7)",*,"1.00"
"Seven Generations Energy Ltd.  (A54C)",,"31.58"
"Shackleton Exploration Ltd.  (0A8E)",,"8.74"
"Shale Petroleum Ltd.  (A75H)",,"1.36"
"Shanpet Resources Ltd.  (0PP7)",*,"1.04"
"Sharata Resources Limited  (0KL6)",*,"1.00"
"Shell Canada Limited  (0T03)",,"6.60"
"Shield Energy Ltd.  (A6YC)",,"5.14"
"Shiningstar Energy Ltd.  (A62Y)",,"1.43"
"Sifton Petroleum Inc.  (A727)",,"3.28"
"Signalta Resources Limited  (0R89)",,"1.15"
"Siksika Energy Resources Corporation  (0M4H)",*,"1.00"
"Silver Bay Resources Ltd.  (0KC1)",*,"1.47"
"Silver Blaze Energy Ltd.  (0KB2)",*,"0.50"
"Sinopec Daylight Energy Ltd.  (A6GD)",,"2.48"
"Sintana Energy Inc.  (A6WR)",,"0.00"
"Sitka Exploration Ltd.  (A63R)",,"4.50"
"Softrock Minerals Ltd.  (0RY8)",*,"1.00"
"Sogar Resources Ltd.  (0NX1)",,"1.77"
"Sojourn Energy Inc.  (A5GZ)",*,"1.61"
"Sonoma Resources Ltd.  (A21P)",,"0.55"
"South Ridge Management Ltd.  (0HL7)",,"0.04"
"Spectra Energy Midstream Corporation  (A1KN)",,"1.25"
"Sphere Energy Corp.  (0WP5)",,"1.30"
"Sprocket Energy Corporation  (A7HD)",,"2.47"
"Spur Petroleum Ltd.  (A7GR)",,"9.16"
"Standard Exploration Ltd.  (A5Y5)",,"2.59"
"Starchild Energy Systems Ltd.  (0DH6)",*,"1.00"
"Steel Reef Infrastructure Corp.  (A6KL)",,"1.00"
"Steelhead Petroleum Ltd.  (A7J2)",,"1.72"
"Steen Resources Ltd.  (0M72)",*,"1.00"
"Steppe Petroleum Inc.  (A6NF)",*,"0.99"
"Sterling Resources Ltd.  (0RM2)",,"1.00"
"Stewart & Stevenson Canada Inc.  (A2RR)",*,"1.03"
"Stockwork Properties Ltd.  (0EN3)",*,"2.06"
"Stonewater Resources Inc.  (0TF8)",,"0.00"
"Storm Resources Ltd.  (A5MM)",*,"1.00"
"Strata Oil & Gas Inc.  (A22T)",*,"1.00"
"Strategic Oil & Gas Ltd.  (A524)",,"1.78"
"Strath Resources Ltd.  (A7GW)",,"9.12"
"Strong Energy Resources Ltd.  (A22X)",,"3.05"
"Success Energy Ltd.  (A6PL)",*,"0.59"
"Success Resources Ltd.  (A50K)",,"0.97"
"Summerland Energy Inc.  (A5MT)",,"2.21"
"Sun Century Petroleum Corporation  (0RZ4)",,"1.98"
"Suncor Energy Inc.  (0054)",*,"43.07"
"Suncor Energy Logistics Corporation  (A5XA)",,"0.00"
"Sunshine Oilsands Ltd.  (A2TF)",,"11.45"
"Surat Energy Inc.  (0ND1)",,"1.39"
"Surge Energy Inc.  (0YK4)",,"2.56"
"Surmont Energy Ltd.  (A6CA)",,"1.00"
"Sutton Energy Ltd.  (0M9E)",,"1.19"
"Swan Hills Synfuels Ltd.  (A31K)",*,"1.04"
"T & E Oils Ltd.  (0TW6)",*,"0.74"
"Taber Water Disposal Inc.  (0YH8)",*,"0.51"
"Taku Gas Limited  (0NG8)",,"1.05"
"Tall Pine Drilling Ltd.  (0A7C)",,"1.00"
"Tallahassee Exploration Inc.  (A7HE)",,"2.53"
"Tallahassee Resources Inc.  (A63N)",,"1.86"
"Tamarack Acquisition Corp.  (A5TT)",,"3.65"
"Tamarack Valley Energy Ltd.  (A04N)",,"1.00"
"Tanager Energy Inc.  (A6HG)",*,"2.62"
"Tandem Energy Corporation  (A148)",*,"1.00"
"Tangle Creek Energy Ltd.  (A5WA)",,"6.72"
"Tantalus Energy Corp.  (A7MN)",,"2.59"
"TAQA North Ltd.  (A2TG)",,"2.26"
"Tayson Resources Inc.  (A7GY)",*,"0.25"
"Teck Resources Limited  (A64M)",*,"1.05"
"Teine Energy Ltd.  (A5L8)",*,"1.10"
"Tenax Energy Inc.  (A49K)",*,"1.00"
"Tenth Avenue Petroleum Corp.  (A26C)",*,"2.32"
"Tero Oilfield Services Ltd.  (0WM3)",*,"1.01"
"Tervita Corporation  (0NZ1)",*,"3.86"
"TexAlta Industries Ltd.  (A695)",*,"1.00"
"The Locke Stock & Barrel Company Ltd.  (0Z3H)",*,"1.18"
"The Paddon Hughes Development Co. Ltd.  (0D74)",*,"1.75"
"Thor Resources Inc.  (A61G)",*,"1.00"
"Thoroughbred Energy Ltd.  (A306)",,"2.87"
"Tiamat Resources Inc.  (0C8Z)",*,"1.00"
"Tians Oil Ltd.  (0L3C)",*,"1.08"
"Tidewater Midstream and Infrastructure Ltd.  (A74Y)",*,"1.40"
"TimberRock Energy Corp.  (A16J)",,"17.37"
"Top Oil Production Ltd.  (A5N0)",,"2.23"
"Topanga Resources Ltd.  (A772)",,"0.36"
"Topeka Energy Inc.  (0FN7)",,"0.00"
"TORC Oil & Gas Ltd.  (A5RJ)",,"7.04"
"Tori Resources Inc.  (A628)",,"1.74"
"Torxen Energy Ltd.  (A7NW)",,"1.73"
"Torxen Resources Ltd.  (A7K7)",,"25.53"
"Total E&P Canada Ltd.  (0N3A)",*,"1.27"
"Tourmaline Oil Corp.  (A573)",*,"12.42"
"Tower Ridge Enterprises Corp.  (A64Y)",,"2.40"
"Town Of Smoky Lake  (0217)",*,"1.84"
"Town Of Valleyview  (0287)",*,"1.00"
"Transaction Oil & Gas Ventures Inc.  (A0DT)",*,"1.00"
"TransCanada Energy Ltd.  (0NPM)",,"8.48"
"TransGlobe Energy Corporation  (0YH6)",,"3.22"
"Traverse Energy Ltd.  (0F9L)",,"4.10"
"Tri-Energy Resources Ltd.  (A7PW)",,"4.07"
"Tri-Ment Corporation Ltd.  (0WY2)",*,"1.04"
"TRI-PEC Resources Ltd.  (A6KA)",*,"1.00"
"Trident Exploration (Alberta) Corp.  (A663)",,"1.77"
"Trident Exploration (wx) Corp.  (A6RF)",,"1.35"
"Triple Five Intercontinental Group Ltd.  (A6WA)",,"37.21"
"Trooper Oil & Gas Limited  (0NA7)",*,"1.00"
"TWP50 Resources Ltd.  (A7LG)",*,"1.00"
"Tykewest Limited  (A1M4)",,"1.51"
"Tyrannex Energy Ltd.  (A77G)",,"1.00"
"Unit 18 Corp.  (0HE4)",,"1.52"
"Valparaiso Energy Inc.  (0XG1)",*,"1.00"
"Value Creation Inc.  (A11W)",*,"1.13"
"Vantage Point Resources Inc.  (A7PA)",,"1.01"
"Velvet Energy Ltd.  (A5YK)",,"8.30"
"Venturion Oil Limited  (A6BY)",,"8.70"
"Veresen Midstream General Partner Inc.  (A734)",*,"1.02"
"Vermilion Energy Inc.  (A6FW)",*,"4.33"
"Vesta Energy Ltd.  (A0L1)",,"8.00"
"Viceroy Canadian Resources Corp.  (A7P5)",,"0.00"
"View Mont Estates Ltd.  (0KM6)",*,"1.60"
"Village Of Boyle  (0385)",*,"1.00"
"Vista Resources Inc.  (0B2C)",*,"1.00"
"Vital Energy Inc.  (A6YL)",*,"2.13"
"Vulture Energy Ltd.  (A56X)",,"1.72"
"W W Becker Oil and Gas Ltd.  (0R48)",*,"1.00"
"Wabash Mfg. Inc.  (0FN6)",,"0.00"
"Warwick Gas Storage Ltd.  (A68H)",*,"0.75"
"Wescan Energy Corp.  (A590)",,"1.78"
"West Isle Energy Inc.  (0RZ8)",,"0.06"
"West Lake Energy Corp.  (A7H7)",,"1.91"
"West Star Oil & Gas Co. Ltd.  (0TW5)",*,"8.21"
"Westbrick Energy Ltd.  (A5WB)",,"15.64"
"Westdrum Energy Ltd.  (0EE3)",,"1.44"
"Westhill Resources Limited  (0T49)",,"1.04"
"White Owl Energy Services Inc.  (A70G)",*,"1.00"
"White Owl Energy Services Ltd.  (A7K8)",*,"0.86"
"White Swan Environmental Ltd.  (A6T6)",*,"1.60"
"Whitecap Resources Inc.  (A5BE)",,"5.45"
"Whitehall Energy Ltd.  (0A5Y)",,"2.58"
"Whitehot Energy Ltd.  (A7JF)",*,"2.00"
"Whitemud Creek Resources Ltd.  (A2KE)",,"1.09"
"Wilcox Energy Corp.  (A5YX)",,"1.34"
"Wildcat Rentals Ltd.  (A5EN)",*,"0.98"
"Windtalker Energy Corp.  (A5YY)",,"1.98"
"Winslow Resources Inc.  (A172)",,"1.31"
"Wolf Coulee Resources Inc.  (A16L)",,"1.04"
"Writers Oil & Gas Limited  (0TR5)",,"3.77"
"XS Energy Ltd.  (A707)",*,"1.00"
"XTO Energy Canada ULC  (A6GB)",,"4.51"
"Yangarra Resources Corp.  (0LN7)",,"8.93"
"Yoho Resources Inc.  (A1B6)",,"1.82"
"Zargon Oil & Gas Ltd.  (0MP9)",,"1.27"
"Zeal Energy Inc.  (A612)",,"0.49"
"ZNX Energy Ltd.  (A5B0)",,"11.82"
"Zoneda Energy Ltd.  (A62G)",*,"1.00"
* indicates security held under a Liability Management Program
