"Year","GHGRP ID","NPRI ID","Company & facility name","NAICS","City","Province / territory","CO2","CH4","N2O","HFCs","PFCs","SF6","Total"
"2016","G10152","6556","INEOS Canada Partnership - Joffre LAO Plant","325110","Joffre","Alberta","165697.8603","113.0625","1245.1632","0","0","0","167056.086"
"2016","G10220","223","Daishowa-Marubeni International Ltd-Peace River Pulp - Peace River Pulp Division","322112","MD of Northern Lights","Alberta","114256.89","3353.525","11270.3302","0","0","0","128880.7452"
"2016","G10563","6504","Tolko Industries Ltd. - Tolko High Level Lumber Division","321111","High Level","Alberta","40318.3768","12599.7525","602.3176","0","0","0","53520.4469"
"2016","G10132","1039","Milner Power Limited Partnership by its GP Milner Power Inc. - H.R.Milner Generating Station","221112","Grande Cache","Alberta","393247.7356","529.73","1701.1032","0","0","0","395478.5688"
"2016","G10106","23956","ConocoPhillips Canada (BRC) Partnership - Elmworth Gas Plant","211113","Elmworth","Alberta","235491.676","17935.125","1391.362","0","0","0","254818.163"
"2016","G10446","null","ConocoPhillips Canada (BRC) Partnership - Berland Sweet Gas Plant","211113","n/a","Alberta","69081.735","19799.3","530.142","0","0","0","89411.177"
"2016","G10361","19995","Air Products Canada Ltd. - Edmonton Hydrogen Facility","325120","Edmonton","Alberta","1166846.9218","1038.4625","267.604","0","0","0","1168152.9883"
"2016","G10897","null","Air Products Canada Ltd. - Scotford Hydrogen Facility","325120","Fort Saskatchewan","Alberta","362386.8586","343.3875","22.1414","0","0","0","362752.3875"
"2016","G10611","23560","Grande Cache Coal Corporation - Grande Cache Coal Corporation","212114","MD of Greenview","Alberta","4152.9495","2.29","46.8754","0","0","0","4202.1149"
"2016","G10491","947","Lantic Inc. Taber Factory - Lantic Inc. Taber Beet Sugar Factory","311310","Taber","Alberta","64227.9713","10627.72","267.0676","0","0","0","75122.7589"
"2016","G10316","280","Dow Chemical Canada ULC - Western Canada Operations","325110","Fort Saskatchewan","Alberta","1026360.3654","2638.865","3436.089","0","0","0","1032435.3194"
"2016","G10375","2316","Dow Chemical Canada ULC - Prentiss Manufacturing Facility","325110","Lacombe County","Alberta","38717.6056","448.085","30.992","0","0","0","39196.6826"
"2016","G10045","5357","Cancarb Ltd. - Cancarb Ltd.","325189","Medicine Hat","Alberta","150467.9258","344.9325","323.8068","0","0","2.28","151138.9451"
"2016","G10267","2120","Shell Canada Limited - Caroline Complex","211113","Caroline","Alberta","464069.8672","1486.5875","3369.5754","0","0","0","468926.0301"
"2016","G10268","2119","Shell Canada Limited - Jumping Pound Complex","211113","Calgary","Alberta","215077.409","2822.155","1480.613","0","0","0","219380.177"
"2016","G10727","23257","University of Calgary - Central Heating and Cooling Plant","611310","Calgary","Alberta","71527","118.75","530.44","0","0","0","72176.19"
"2016","G10144","2991","West Fraser Mills Ltd. - Hinton Pulp","322112","Hinton","Alberta","169800.1236","37719.18","8936.6624","0","0","0","216455.966"
"2016","G10577","18225","Whitecourt Power Limited Partnership - Whitecourt Electric Power Generating Facility","221119","Whitecourt","Alberta","550.9771","416.2275","3309.3794","0","0","0","4276.584"
"2016","G10098","3903","Suncor Energy Products Partnership - Edmonton Refinery","324110",", Sherwood Park","Alberta","1311150.4515","3051.2","2227.9374","0","0","0","1316429.5889"
"2016","G10392","3775","General Scrap Partnership - Navajo Metals","339990","Calgary","Alberta","1858.8","2.85","63.176","0","0","0","1924.826"
"2016","G10382","5367","General Scrap Partnership - GenAlta Recycling Inc.","339990","Edmonton","Alberta","527.14","34.25","1495.96","0","0","0","2057.35"
"2016","G10402","6895","Teck Coal Limited - Cardinal River Operations","212114","Hinton","Alberta","77013.2095","32175.9325","6609.7294","0","0","0","115798.8714"
"2016","G10774","24125","Birchcliff Energy Ltd. - Birchcliff Pouce Coupe 03-22-078-12 W6M Gas Plant","211113","Pouce Coupe","Alberta","72119.6135","21040.0975","531.7512","0","0","0","93691.4622"
"2016","G10119","2132","Sherritt International Corporation - Fort Saskatchewan","331410","Fort Saskatchewan","Alberta","309198.1419","14988.7775","3339.4774","0","0","0","327526.3968"
"2016","G10889","null","Border Paving Ltd. - Red Deer Truck Shop","484110","Red Deer","Alberta","8019.25","10","357.6","0","0","0","8386.85"
"2016","G10888","21078","Border Paving Ltd. - Portable Plant 020011","237310","Caroline52.1114","Alberta","5532.82","2","32.78","0","0","0","5567.6"
"2016","G10887","null","Border Paving Ltd. - Red Deer Main Office","551114","Red Deer","Alberta","1114.41","3","44.7","0","0","0","1162.11"
"2016","G10886","21075","Border Paving Ltd. - Portable Plant 020002","237310","bamber Pit","Alberta","623.83","0.25","5.96","0","0","0","630.04"
"2016","G10885","6852","Border Paving Ltd. - Stony Plain Batch Plant","237310","Stony Plain","Alberta","3517.71","3.5","89.4","0","0","0","3610.61"
"2016","G10884","21077","Border Paving Ltd. - Portable Plant 020009","237310","Sheerness","Alberta","6198.51","2.25","53.64","0","0","0","6254.4"
"2016","G10883","24232","Border Paving Ltd. - Portable Plant 020010","237310","Blackfalds","Alberta","906.48","0.5","8.94","0","0","0","915.92"
"2016","G10882","6849","Border Paving Ltd. - Hinton Batch Plant","237310","Hinton","Alberta","839.81","0.25","5.96","0","0","0","846.02"
"2016","G10456","4823","Encana Corporation - Sexsmith Sour Gas Plant","211113","n/a","Alberta","68064.5","2243","229.46","0","0","0","70536.96"
"2016","G10143","21885","TransAlta Generation Partnership - Highvale Coal Mine","212115","Seba Beach","Alberta","105712.0707","84996.94","1196.8872","0","0","0","191905.8979"
"2016","G10281","2284","TransAlta Generation Partnership - Sundance Thermal Electric Power Generating Plant","221112","Duffield","Alberta","13486121.4281","3914.32","92010.7184","0","0","0","13582046.4665"
"2016","G10162","2286","TransAlta Generation Partnership - Keephills Thermal Electric Power Generating Plant","221112","Duffield","Alberta","9027735.3827","2562.0025","60569.1556","0","0","0","9090866.5408"
"2016","G10313","2108","Shell Canada Limited - Waterton Complex","211113","Pincher Creek","Alberta","303673.6321","4794.385","2798.1008","0","0","0","311266.1179"
"2016","G10461","5390","EPCOR Water Services Inc. - Gold Bar Wastewater Treatment Plant","221320","Edmonton","Alberta","23092","1053.75","15671.82","0","0","0","39817.57"
"2016","G10055","2857","Orica Canada Inc. - Carseland Works","325313","Carseland","Alberta","371.476","8.3875","143469.9544","0","0","0","143849.8179"
"2016","G10879","6850","Border Paving Ltd. - Camrose Batch Plant","237310","Camrose","Alberta","2369.21","3","53.64","0","0","0","2425.85"
"2016","G10878","6851","Border Paving Ltd. - Red Deer Batch Plant","237310","Red Deer","Alberta","3376.72","2.5","26.82","0","0","0","3406.04"
"2016","G10651","2762","Weyerhaeuser Company Limited - Edson O.S.B.","321217","Edson","Alberta","14956.39","182.55","1521.886","0","0","0","16660.826"
"2016","G10211","1779","NOVA Chemicals Corporation - NOVA Chemicals Corporation (Joffre)","325110","Red Deer","Alberta","3064835.5508","8086.3825","14317.7974","0","0","31.92","3087271.6507"
"2016","G10009","1","Alberta-Pacific Forest Industries Inc. - Alberta-Pacific Forest Industries Inc.","322112","County of Athabasca","Alberta","87622","2294.99","18881.9654","0","0","0","108798.9554"
"2016","G10813","6647","Shell Canada Energy - Shell Canada Energy Muskeg River Mine and Jackpine Mine","211114","Fort McMurray","Alberta","1278153.6013","128227.9075","7658.6596","1384.955","0","88.92","1415514.0434"
"2016","G10390","22378","Nexen Energy ULC. - Long Lake Project","211114","Fort McMurray","Alberta","1562054.1","9756.5","9998.198","0","0","0","1581808.798"
"2016","G10356","6560","Nexen Energy ULC. - Balzac Power Station","221112","Rocky View County","Alberta","96938.26","366.575","739.04","0","0","0","98043.875"
"2016","G10007","3974","Keyera Corp - Alberta Envirofuels","325190","Edmonton","Alberta","280526.4956","619.525","460.3504","0","0","0","281606.371"
"2016","G10412","22493","Osum Production Corp. - Orion Facilities","211114","Cold Lake","Alberta","227959.958","716.55","340.018","0","0","0","229016.526"
"2016","G10044","3821","Canadian Fertilizers Limited - Canadian Fertilizers Limited","325313","Medicine Hat","Alberta","1576429.3058","1836.255","5027.409","0","0","0","1583292.9698"
"2016","G10137","3941","AltaGas Ltd. - Harmattan Gas Processing Plant","211113","Didsbury","Alberta","359461.229","19645.45","3317.634","0","0","0","382424.313"
"2016","G10417","6619","AECO Gas Storage Partnership - Suffield Gas Storage Facility","211113","Medicine Hat","Alberta","21482.459","8581.225","154.364","0","0","0","30218.048"
"2016","G10661","23281","Advantage Oil & Gas Ltd. - Glacier Sour Gas Plant 05-02","211113","n/a","Alberta","101072.319","31785.55","763.476","0","0","0","133621.345"
"2016","G10261","6219","Air Liquide Canada Inc. - Scotford Complex","221112","Fort Saskatchewan","Alberta","441596.9736","205.25","2182.3136","0","0","0","443984.5372"
"2016","G10180","17630","Suncor Energy Oil Sands Limited Partnership  - MacKay River, In-Situ Oil Sands Plant","211114","Fort McMurray","Alberta","292920.4686","536.0725","1636.1392","0","0","0","295092.6803"
"2016","G10558","2230","Suncor Energy Oil Sands Limited Partnership  - Suncor Energy Inc. Oil Sands","211114","Fort McMurray","Alberta","6945069.8017","144341.0775","42113.211","794.508","69.466","884.64","7133272.7042"
"2016","G10557","19181","Suncor Energy Oil Sands Limited Partnership  - Firebag","211114","Ft. McMurray","Alberta","4772363.0878","6776.885","30199.618","0","0","510.72","4809850.3108"
"2016","G10802","27021","AltaGas Ltd. - Gordondale Sour Gas Plant 16-31","211113","n/a","Alberta","79733.564","21354.55","605.238","0","0","0","101693.352"
"2016","G10069","23368","Capital Power (Alberta) Limited Partnership - Clover Bar Energy Centre","221112","Edmonton","Alberta","164372.2188","1011.7075","1205.9464","0","0","0","166589.8727"
"2016","G10196","null","ATCO Power Canada Ltd. - Muskeg River Cogeneration Plant","221112","Fort McMurray","Alberta","1284970.662","1832.5675","7414.836","0","0","0","1294218.0655"
"2016","G10241","6609","ATCO Power Canada Ltd. - Rainbow Lake Cogeneration Power Plant (Units 4-5)","221112","Rainbow Lake","Alberta","172174.7366","348.2775","1457.22","0","0","0","173980.2341"
"2016","G10265","1036","ATCO Power - Sheerness Generating Station","221112","Hanna","Alberta","4999716.616","1617.2","22609.0514","0","0","0","5023942.8674"
"2016","G10018","1033","ATCO Power - Battle River Generating Station","221112","Forestburg","Alberta","2145988.4737","580.1975","9423.4156","0","0","0","2155992.0868"
"2016","G10870","28182","Encana Corporation - Kaybob Gas Plant 15-31","211113","Calgary","Alberta","41720.302","9919.85","780.76","0","0","0","52420.912"
"2016","G10869","null","Encana Corporation - Kaybob Gas Plant 10-29-063","211113","Calgary","Alberta","44067.909","9355.225","947.044","0","0","0","54370.178"
"2016","G10260","2963","Shell Chemicals Canada Limited. - Scotford Chemical Plant","325110","Fort Saskatchewan,Strathcona County","Alberta","290137.9759","440.235","1562.7716","2.391","0","0","292143.3735"
"2016","G10269","2960","Shell Canada Products  - Shell Scotford Refinery","324110","Fort Saskatchewan","Alberta","832724.5898","8636.1375","2417.6144","0","0","0","843778.3417"
"2016","G10475","403","Husky Oil Operations Limited - Lloydminster Refinery","324110","Lloydminster","Alberta","93547.948","264","406.77","0","0","0","94218.718"
"2016","G10465","6627","Cenovus FCCL Ltd., as operator for FCCL Partnership - Foster Creek SAGD Bitumen Battery (with Cogen)","211114","Bonnyville","Alberta","3079892.3714","4774.955","9467.7878","0","0","0","3094135.1142"
"2016","G10065","6625","Cenovus FCCL Ltd., as operator for FCCL Partnership - Christina Lake SAGD Bitumen Battery","211114","Lac La Biche","Alberta","2317351.7247","17579.7675","3958.8108","0","0","0","2338890.303"
"2016","G10586","4591","ADM Agri-Industies Company - ADM AGRI-INDUSTRIES - ADM Lloydminster","311224","Lloydminster","Alberta","55763.9275","28.0775","323.6876","26.8165","0","0","56142.5091"
"2016","G10053","3269","Agrium Inc. - Carseland Nitrogen Operations","325313","Carseland","Alberta","560600.9705","5100.2","2286.1964","0","0","0","567987.3669"
"2016","G10121","4874","Agrium Inc. - Fort Saskatchewan Nitrogen Operations","325313","Fort Saskatchewan","Alberta","583139.8401","8502.165","1775.3648","0","0","0","593417.3699"
"2016","G10006","2134","Agrium Inc. - Redwater Fertilizer Operations","325313","Sturgeon County","Alberta","1301593.8067","29535.6475","8328.951","0","0","0","1339458.4052"
"2016","G10130","2875","International Paper Company - International Paper Canadian Pulp Holdings ULC","322112","Grande Prairie","Alberta","92577.41","33120.3","10792.0104","0","0","0","136489.7204"
"2016","G10219","2128","Shell Canada Limited - Peace River Complex 5-21","211114","Peace River","Alberta","263778.9576","3451.55","738.3248","0","0","0","267968.8324"
"2016","G10046","null","Nova Gas Transmission Ltd. - TransCanada Pipeline, Alberta System","486210","Fairview","Alberta","2691812.1907","366199.1025","15789.679","0","0","0","3073800.9722"
"2016","G10003","null","Foothills Pipe Lines Ltd. - Foothills Pipeline, Alberta","486210","Airdrie","Alberta","252984.1353","34417.75","1484.338","0","0","0","288886.2233"
"2016","G10591","null","Beaver Regional Waste Management Services Commission - Beaver Regional Waste Landfill","562210","Ryley","Alberta","10069.34","79326.9175","167.6846","0","0","0","89563.9421"
"2016","G10125","18996","MEGlobal Canada ULC - Fort Saskatchewan EOEG","325190","Fort Saskatchewan","Alberta","55650.6043","727.32","0","0","0","0","56377.9243"
"2016","G10232","18997","MEGlobal Canada ULC - Prentiss Chemical Manufacturing Facility","325190","Lacombe County","Alberta","316953.515","1701.295","177.1908","0","0","0","318832.0008"
"2016","G10420","1106","Moly-Cop AltaSteel Ltd. - Moly-Cop AltaSteel Ltd.","331110","Edmonton","Alberta","71212.03","25.225","256.578","0","0","0","71493.833"
"2016","G10639","24145","Statoil Canada Ltd. - Leismer SAGD Bitumen Battery","211114","n/a","Alberta","467886.5623","6291.195","608.665","0","0","0","474786.4223"
"2016","G10804","28963","Athabasca Oil Corporation - AOC Hangingstone SAGD","211114","Fort McMurray","Alberta","303567.0001","4190.97","550.5848","0","0","0","308308.5549"
"2016","G10112","5291","Lafarge Canada Inc. - Exshaw Cement Plant","327310","Exshaw","Alberta","769877.6765","1395.1075","1168.2792","0","0","0","772441.0632"
"2016","G10864","24237","Progressive Waste Solutions Canada Inc. - Paintearth Resource Recovery Centre","562210","Coronation","Alberta","1720.81","55235.4025","17.1648","0","0","0","56973.3773"
"2016","G10108","3752","Plains Midstream Canada - Empress Straddle Gas Plant","211113","Cypress County","Alberta","299987.3573","3970.4775","1379.889","0","0","0","305337.7238"
"2016","G10122","4142","Plains Midstream Canada - Fort Saskatchewan Storage and Fractionation","211113","Fort Saskatchewan","Alberta","85842.3476","59.9325","649.4612","0","0","0","86551.7413"
"2016","G10262","6546","Shell Canada Energy Limited - Scotford Upgrader and Upgrader Cogeneration","211114","Fort Saskatchewan","Alberta","3366218.9142","10065.5625","13414.7978","0","0","0","3389699.2745"
"2016","G10160","683","SemCams ULC - Kaybob South #3 Gas Plant","211113","Fox Creek","Alberta","389392.4147","5078.82","1680.0048","0","0","0","396151.2395"
"2016","G10015","null","ATCO Gas and Pipelines Ltd. - ATCO Pipelines - Transmission System","486210","Edmonton","Alberta","77210.7198","105731.755","3761.6242","0","0","0","186704.099"
"2016","G10159","4150","SemCams ULC - Kaybob Amalgamated Sour Gas Plant","211113","Fox Creek","Alberta","200325.8038","12291.39","3464.4586","0","0","0","216081.6524"
"2016","G10421","6972","Baymag Inc. - Baymag Exshaw Operations","327990","Exshaw","Alberta","152580.1312","18.3275","220.669","0","0","0","152819.1277"
"2016","G10380","18142","TransCanada Energy Ltd. - Bear Creek Power Plant","221112","Grande Prairie","Alberta","114810.6967","2080.92","944.1534","0","0","0","117835.7701"
"2016","G10054","6700","TransCanada Energy Ltd. - Carseland Power Plant","221112","Carseland","Alberta","351079.4528","577.345","2626.8104","0","0","0","354283.6082"
"2016","G10179","19219","TransCanada Energy Ltd. - MacKay River Power Plant","221112","Fort McMurray","Alberta","763044.614","1280.35","5830.8766","0","0","0","770155.8406"
"2016","G10246","6701","TransCanada Energy Ltd. - Redwater Cogeneration Plant","221112","Redwater","Alberta","186137.9981","304.71","1373.1542","0","0","0","187815.8623"
"2016","G10040","15740","Calgary Energy Centre No. 2 Inc. - Calgary Energy Centre","221112","Calgary","Alberta","288721","1843.5","2201.624","0","0","0","292766.124"
"2016","G10058","6633","ENMAX Cavalier GP Inc.                                                 - Cavalier Energy Centre","221112","Strathmore","Alberta","181385.3683","416.405","1324.312","0","0","0","183126.0853"
"2016","G10086","null","ATCO Gas and Pipelines Ltd. - ATCO Gas - Distribution System","221210","Edmonton","Alberta","55736.7215","84865.6125","0","0","0","0","140602.334"
"2016","G10779","28576","Enmax Generation Portfolio Inc - Shepard Energy Centre","221112","Calgary","Alberta","1696601.84","3211.75","13490.46","0","0","0","1713304.05"
"2016","G10607","23543","Enmax Generation Portfolio Inc - Crossfield Energy Centre","221112","Crossfield","Alberta","14538.213","27.075","115.922","0","0","0","14681.21"
"2016","G10100","5284","Repsol Oil & Gas Canada Inc. - Edson Gas Plant","211113","Edson","Alberta","179011.83","14049.325","1499.834","0","0","0","194560.989"
"2016","G10561","17996","Repsol Oil & Gas Canada Inc. - TLM Wild River Gas Plant","211113","Edson","Alberta","54427.698","13503.95","374.586","0","0","0","68306.234"
"2016","G10560","18023","Repsol Oil & Gas Canada Inc. - TLM Bigstone West Gas Plant","211113","Edson","Alberta","43223.9","3016.5","272.968","0","0","0","46513.368"
"2016","G10816","29034","Genalta III GP Ltd. - West Cadotte Power Plant","221112","Peace River","Alberta","104133.17","40.25","429.12","0","0","0","104602.54"
"2016","G10414","22141","ConocoPhillips Surmont Partnership - Surmont SAGD Commercial Battery","211114","Anzac","Alberta","2030336.397","1747.025","3353.096","0","0","0","2035436.518"
"2016","G10671","24465","Devon Canada Corporation - Jackfish 2 SAGD Plant","211114","Conklin","Alberta","629299.6002","2546.0175","1089.786","0","0","0","632935.4037"
"2016","G10778","28033","Devon Canada Corporation - Jackfish 3 SAGD Plant","211114","Conklin","Alberta","732977.5941","2820.26","1277.973","0","0","0","737075.8271"
"2016","G10278","3707","Imperial Oil - Imperial Oil, Strathcona Refinery","324110","Edmonton","Alberta","1539552.7905","1854.2675","5687.1214","0","0","0","1547094.1794"
"2016","G10744","26109","Canadian Natural Resources Limited - Kirby South 13-21-73-7W4","211114","Nisku","Alberta","698725.7345","510.4425","1083.4684","0","0","0","700319.6454"
"2016","G10429","3753","Canadian Natural Resources Limited - Gold Creek Gas Plant","211113","Grande Prairie","Alberta","59832.9845","6087.815","1732.6316","0","0","0","67653.4311"
"2016","G10428","16009","Canadian Natural Resources Limited - Galloway Gas Plant","211113","Edson","Alberta","49778.8343","9498.655","4541.6392","0","0","0","63819.1285"
"2016","G10158","null","Canadian Natural Resources Limited - Karr Gas Plant","211113","MD of Greenview","Alberta","70626.4674","2248.65","1854.305","0","0","0","74729.4224"
"2016","G10139","15241","Canadian Natural Resources Limited - Hays Gas Plant","211113","Hays","Alberta","57440.2236","2891.6325","866.7628","0","0","0","61198.6189"
"2016","G10408","23275","Canadian Natural Resources Limited - Horizon Oil Sands Processing Plant and Mine","211114","Fort McMurray","Alberta","3451012.232","444620.505","11296.1966","1046.045","1.478","1023.72","3909000.1766"
"2016","G10312","432","Canadian Natural Resources Limited - Wapiti Gas Plant","211113","Grovedale","Alberta","96569.59","5533.75","1106.474","0","0","0","103209.814"
"2016","G10324","4136","Canadian Natural Resources Limited - Wolf Lake and Primrose Plant","211114","NA","Alberta","3265473.7615","39395.03","19289.689","0","0","0","3324158.4805"
"2016","G10187","null","Syncrude Canada Ltd. - Mildred Lake and Aurora North Plant Sites","211114","Fort McMurray","Alberta","10475025.0315","612948.875","129579.191","0","0","0","11217553.0975"
"2016","G10566","6678","University of Alberta Heating Plant - Heating Plant","611310","Edmonton","Alberta","190004.9166","84.7025","101.022","0","0","0","190190.6411"
"2016","G10576","4830","West Fraser Mills Ltd. - Ranger Board","321216","Blue Ridge","Alberta","464.34","1172.6","39956.7638","0","0","0","41593.7038"
"2016","G10856","null","Coastal Resources Ltd. - Kidney 8-24-90-6W5","211113","Peerless Lake","Alberta","0.65","0","181.78","0","0","0","182.43"
"2016","G10855","null","Coastal Resources Ltd. - Wayne Rosedale 10-3-27-20W4","211113","Wayne Rosedale","Alberta","0.75","0","131.12","0","0","0","131.87"
"2016","G10853","27702","Coastal Resources Ltd. - Markerville Compressor Station 11-21-036-02W5","211113","Markerville","Alberta","4.05","0","19146.5","0","0","0","19150.55"
"2016","G10852","21252","Coastal Resources Ltd. - Youngstown Gas Plant 11-29-030-09W4","211113","Youngstown","Alberta","1.99","0","13773.56","0","0","0","13775.55"
"2016","G10851","21249","Coastal Resources Ltd. - Fairydell Battery 03-21-057-24W4","211113","Fairydell","Alberta","1.65","0","265.22","0","0","0","266.87"
"2016","G10127","267","Capital Power Generation Services Inc. - Genesee Thermal Generating Station","221112","Warburg","Alberta","9538959","2880","48943.52","0","0","0","9590782.52"
"2016","G10176","5243","Lehigh Hanson Materials Ltd. - Edmonton Plant","327310","Edmonton","Alberta","508623.0765","75.2675","701.5814","0","0","0","509399.9254"
"2016","G10327","19289","Rio Tinto Alcan Inc - Strathcona Works","324190","Sherwood Park","Alberta","134794.6319","0.915","9.4466","0","0","0","134804.9935"
"2016","G10409","22267","Devon Canada Corporation - Jackfish 1 SAGD Plant","211114","Conklin","Alberta","677159.6963","12747.9325","1163.3622","0","0","0","691070.991"
"2016","G10134","17122","Japan Canada Oil Sands Limited - Hangingstone SAGD Demonstration Facility","211114","RM of Wood Buffalo","Alberta","65450.7915","93.7075","96.85","0","0","0","65641.349"
"2016","G10499","6559","NAL Resources Management - Sylvan Lake Gas Plant 14-32-037-03W5M","211113","Sylvan Lake","Alberta","51748.52","5192.9","810.858","0","0","0","57752.278"
"2016","G10441","null","City of Lethbridge - Lethbridge Waste and Recycling Centre Disposal Site","562210","Lethbridge","Alberta","519","69600.75","59.6","0","0","0","70179.35"
"2016","G10790","26264","Peyto Exploration and Development Corporation - Peyto Swanson 12-31-053-19W5","211113","n/a","Alberta","60113.8277","14731.17","447.7748","0","0","0","75292.7725"
"2016","G10693","21754","Peyto Exploration and Development Corporation - Peyto Nosehill 11-21-055-20W5","211113","n/a","Alberta","63825.3222","7704.04","1014.7794","0","0","0","72544.1416"
"2016","G10531","17698","Peyto Exploration and Development Corporation - Peyto Oldman 11-17-055-21W5","211113","n/a","Alberta","76033.4132","19386.5025","783.7102","0","0","0","96203.6259"
"2016","G10811","28711","Peyto Exploration and Development Corporation - Petyo Oldman North 14-17-055-21W5","211113","n/a","Alberta","58524.949","15118.7825","480.972","0","0","0","74124.7035"
"2016","G10846","28710","Peyto Exploration and Development Corporation - Peyto Brazeau 06-12-044-13W5","211113","n/a","Alberta","45063.1848","4941.4425","799.8618","0","0","0","50804.4891"
"2016","G10828","1028","Alberta Newsprint Co. - ALBERTA NEWSPRINT","322122","Whitecourt","Alberta","52985.9","6339.25","298","0","0","0","59623.15"
"2016","G10550","5247","Spectra Energy Midstream Corporation - Gordondale East Gas Plant","211113","Spirit River","Alberta","46656.2581","6812.2475","845.1578","0","0","0","54313.6634"
"2016","G10771","26425","Athabasca Oil Corporation - Kaybob East 16-03","211113","Fox Creek","Alberta","8191.258","2325.275","13.708","0","0","0","10530.241"
"2016","G10772","26426","Athabasca Oil Corporation - Kaybob West 07-14","211113","Calgary","Alberta","30324.395","8608.3","50.958","0","0","0","38983.653"
"2016","G10773","26427","Athabasca Oil Corporation - Saxon 10-19","211113","Calgary","Alberta","20974.759","5954.175","35.462","0","0","0","26964.396"
"2016","G10606","5239","Veresen Midstream General Partner Inc. - Hythe Brainard Sour Gas Plant","211113","n/a","Alberta","60904.467","6694.95","263.432","0","0","0","67862.849"
"2016","G10073","442","Imperial Oil Resources Limited - Cold Lake","211114","Grande Centre","Alberta","5426180.7431","27828.5575","30220.031","0","0","0","5484229.3316"
"2016","G10120","5352","TransAlta Generation Partnership - Fort Saskatchewan Thermal Electric(Cogeneration) Power Plant","221112","Fort Saskatchewan","Alberta","353178.3771","635.885","2640.9356","0","0","0","356455.1977"
"2016","G10476","1439","Husky Oil Operations Limited - Rainbow Lake Gas plant","211113","Rainbow Lake","Alberta","54466.5514","2554.5175","283.5768","0","0","0","57304.6457"
"2016","G10243","407","Husky Oil Operations Limited - Ram River","211113","Rocky Mountain House","Alberta","302774.3626","3526.7875","1097.1764","0","0","0","307398.3265"
"2016","G10815","29025","Husky Oil Operations Limited - Sunrise Thermal","211114","Fort McKay","Alberta","1208625.7807","3214.005","2240.1256","0","0","0","1214079.9113"
"2016","G10394","21548","Husky Oil Operations Limited - Tucker Thermal","211114","Bonneville","Alberta","657546.7986","2197.3875","1142.2042","0","0","0","660886.3903"
"2016","G10352","6869","Waste Management of Canada Corporation - West Edmonton Landfill","562210","Edmonton","Alberta","557.3568","142117.26","70.179","0","0","0","142744.7958"
"2016","G10111","6826","Graymont Western Canada Inc. - Exshaw Plant","327410","Exshaw","Alberta","124385.84","227.625","215.752","0","0","0","124829.217"
"2016","G10619","24100","MEG Energy Corp. - MEG Christina Lake Cogeneration Facility","211114","Regional Municipality of Wood Buffalo","Alberta","1147282.2076","521.0925","5539.9094","0","0","0","1153343.2095"
"2016","G10496","22346","MEG Energy Corp. - MEG Christina Lake Regional Project","211114","Regional Municipality of Wood Buffalo","Alberta","865416.237","13614.795","4199.9822","0","0","0","883231.0142"
"2016","G10555","2227","Keyera Corp - Simonette Gas Plant","211113","Simonette","Alberta","36657.6821","3714.3375","891.7948","0","0","0","41263.8144"
"2016","G10484","1364","Keyera Corp - Gilby Gas Plant","211113","Rimbey","Alberta","60038.552","2508.325","1443.959","0","0","0","63990.836"
"2016","G10529","1753","Keyera Corp - Minnehik Buck Lake Gas Plant","211113","Buck Lake","Alberta","63498.7581","5679.8725","1213.5752","0","0","0","70392.2058"
"2016","G10486","4152","Keyera Corp - West Pembina GP","211113","Drayton Valley","Alberta","39268.65","1247.6","110.0812","0","0","0","40626.3312"
"2016","G10249","1372","Keyera Corp - Rimbey Gas Plant","211113","Rimbey","Alberta","397997.821","7893.975","1765.5308","0","0","0","407657.3268"
"2016","G10807","698","Keyera Corp - Fort Saskatchewan Plant","211113","Fort Saskatchewan","Alberta","76521.159","555.575","434.9012","0","0","0","77511.6352"
"2016","G10277","1374","Keyera Corp - Strachan Gas Plant","211113","Rocky Mountain House","Alberta","236216.109","11696.825","2937.6244","0","0","0","250850.5584"
"2016","G10202","5337","Keyera Corp - Nevis Gas Plant","211113","Stettler","Alberta","79173.995","7772.8575","2392.5228","0","0","0","89339.3753"
"2016","G10030","1362","Keyera Corp - Brazeau River Gas Plant","211113","Drayton Valley","Alberta","63312.65","4568.75","1929.997","0","0","0","69811.397"
"2016","G10735","27826","Brion Energy Corporation - MacKay River Commercial Project","211114","Ft McMurray","Alberta","15945.698","9.6875","66.603","0","0","0","16021.9885"
"2016","G10750","27506","Imperial Oil Resources Limited - Kearl Oil Sands Processing Plant and Mine","211114","Fort McKay","Alberta","2529285.2876","22238.1275","50498.6926","0","0","6.84","2602028.9477"
"2016","G10746","25229","City of Calgary - Spyhill Landfill","562210","Calgary","Alberta","857","50046","28.9954","0","0","0","50931.9954"
"2016","G10709","19876","City of Calgary - Shepard Landfill","562210","Calgary","Alberta","889","17897","27.9822","0","0","0","18813.9822"
"2016","G10095","24315","City of Calgary - East Calgary Landfill","562210","Calgary","Alberta","844","30503","33.972","0","0","0","31380.972"
"2016","G10809","5232","ALIMENT JBS CANADA ULC/ JBS FOOD CANADA ULC - JBS Foods Canada Inc.","311611","Brooks","Alberta","55054.7136","239864.28","7931.7766","0","0","0","302850.7702"
"2016","G10008","null","Alliance Pipeline Ltd. - Alliance Pipeline Ltd. - AB Pipeline System","486210","Calgary","Alberta","523106.97","22475.3725","4303.716","0","0","0","549886.0585"
"2016","G10071","5248","Inter Pipeline Extraction Ltd. - Cochrane Extraction Plant","211113","Cochrane","Alberta","500333.8668","3293.7275","3367.0424","2713.785","0","0","509708.4217"
"2016","G10806","null","Bellatrix Exploration Ltd. - Ferrier Comp Station 13-05","211113","Calgary","Alberta","76650.058","17167.625","449.086","0","0","0","94266.769"
"2016","G10359","1585","Coal Valley Resources Inc. - Coal Valley Mine","212114","Edson","Alberta","71815.0286","38544.945","7252.575","0","0","0","117612.5486"
"2016","G10068","6576","City of Medicine Hat - Electric Utility - Generation","221112","Medicine Hat","Alberta","312834.7417","6602.87","2370.8284","0","0","0","321808.4401"
"2016","G10029","3749","Tidewater Midstream and Infrastructure Ltd. - Brazeau Gas Plant","211113","Drayton Valley","Alberta","78087.6554","64723.735","1555.113","0","0","0","144366.5034"
"2016","G10556","1077","Direct Energy Marketing Ltd. - Ferrier Gas Plant","211113","Rocky Mountain House","Alberta","46139.8948","4705.4875","477.1874","0","0","0","51322.5697"
"2016","G10321","3751","Direct Energy Marketing Ltd. - Wildcat Hills Gas Plant","211113","Cochrane","Alberta","136900.5849","1980.8575","577.7624","0","0","0","139459.2048"
"2016","G10135","3758","Direct Energy Marketing Ltd. - Hanlan Robb Gas Plant","211113","Edson","Alberta","193334.7554","24150.3575","555.7104","0","0","0","218040.8233"
"2016","G10668","23432","Grande Prairie Generation, Inc. - Northern Prairie Thermal Electric Power Plant","221112","Sexsmith","Alberta","44747.0851","1011.4875","322.6446","0","0","0","46081.2172"
"2016","G10455","27963","Pembina Pipeline Corporation - Resthaven Sweet Gas Plant 08-11","211113","n/a","Alberta","103720.6099","34662.64","738.2056","0","0","0","139121.4555"
"2016","G10787","26618","Pembina Pipeline Corporation - Kakwa River Gas Plant 08-13-063-05W6","211113","n/a","Alberta","168805.2468","30513.11","1158.2068","0","0","0","200476.5636"
"2016","G10789","27964","Pembina Pipeline Corporation - Saturn Deepcut Gas Plant 12-36","211113","Greenview No. 16","Alberta","106848.5148","9773.9775","773.012","0","0","0","117395.5043"
"2016","G10714","25284","Pembina Pipeline Corporation - Musreau Gas Plant","211113","Greenview No. 16","Alberta","63587.579","31873.65","386.208","0","0","0","95847.437"
"2016","G10833","23190","Seven Generations Energy Ltd. - Karr 07-11-064-04W6","211113","Calgary","Alberta","64883.4103","10590.6775","403.4026","0","0","0","75877.4904"
"2016","G10832","21100","Seven Generations Energy Ltd. - Lator #2 01-21-063-02W6","211113","Lator","Alberta","45067.7726","8967.57","294.4836","0","0","0","54329.8262"
"2016","G10604","24188","Connacher Oil and Gas Limited - Algar","211114","Fort McMurray","Alberta","260561.2834","3765.235","1031.6462","0","0","0","265358.1646"
"2016","G10406","22750","Connacher Oil and Gas Limited - Pod One","211114","Fort McMurray","Alberta","140218.6348","4047.4","236.3736","0","0","0","144502.4084"
"2016","G10096","4140","Taqa North Ltd. - East Crossfield Gas Plant 9-14-28-1W5","211113","Crossfield","Alberta","110251.7401","2190.4","660.3382","0","0","0","113102.4783"
"2016","G10788","5287","Pembina Pipeline Corporation - Redwater Fractionation and Storage Facility","211113","Redwater","Alberta","61250.095","6408.625","138.57","0","0","0","67797.29"
"2016","G10536","6623","Pembina Pipeline Corporation - Empress NGL Extraction Plant","211113","Medicine Hat","Alberta","76471.957","4574.225","509.282","0","0","0","81555.464"
"2016","G10799","18844","Tourmaline Oil Corp - Wild River 14-20-056-23 W5","211113","Hinton","Alberta","74255.467","10448.2","6158.766","0","0","0","90862.433"
"2016","G10795","25300","Tourmaline Oil Corp - Banshee 15-12-050-21 W5","211113","Yellowhead County","Alberta","61367.447","6907.325","4665.786","0","0","0","72940.558"
"2016","G10825","26649","Tourmaline Oil Corp - Tourmaline Musreau 02/09-13-062-06-W6","211113","Grande Cache","Alberta","46275.487","2228.1","3852.842","0","0","0","52356.429"
"2016","G10371","1074","Pengrowth Energy Corporation - Olds Gas Plant","211113","Olds","Alberta","97131.007","2729.0725","546.8002","0","0","0","100406.8797"
"2016","G10155","440","Pengrowth Energy Corporation - Judy Creek Gas Conservation Plant","211113","Swan Hills","Alberta","30412.979","10157.035","924.3662","0","0","0","41494.3802"
"2016","G10237","426","Pengrowth Energy Corporation - Quirk Creek Gas Plant","211113","Millarville","Alberta","89608.582","2596.6675","1370.4722","0","0","0","93575.7217"
"2016","G10497","878","Millar Western Forest Products Ltd. - Whitecourt Pulp Divison","322111","Whitecourt","Alberta","66824.2","30","327.8","0","0","0","67182"
"2016","G10670","25231","DAPP Power LP - DAPP Power LP","221119","Westlock","Alberta","777.8232","501.9925","3978.1212","0","0","0","5257.9369"
"2016","G10817","29066","Pengrowth Energy Corporation - LINDBERGH SAGD 04-25","211114","Lindbergh","Alberta","319108.702","1163.4","1079.0878","0","0","0","321351.1898"
"2016","G10686","1782","Methanex Corporation - Methanex Medicine Hat Methanol Plant","325190","Medicine Hat","Alberta","373727.546","2500.7","1839.852","0","0","0","378068.098"